"","Hour","variable","value"
"1",1,"2016-10-01","1002.1"
"2",2,"2016-10-01","1001.5"
"3",3,"2016-10-01","1001.3"
"4",4,"2016-10-01","1001.0"
"5",5,"2016-10-01","1001.4"
"6",6,"2016-10-01","1001.8"
"7",7,"2016-10-01","1002.2"
"8",8,"2016-10-01","1002.6"
"9",9,"2016-10-01","1002.9"
"10",10,"2016-10-01","1002.9"
"11",11,"2016-10-01","1002.8"
"12",12,"2016-10-01","1002.2"
"13",13,"2016-10-01","1001.9"
"14",14,"2016-10-01","1001.6"
"15",15,"2016-10-01","1002.2"
"16",16,"2016-10-01","1001.9"
"17",17,"2016-10-01","1001.6"
"18",18,"2016-10-01","1001.3"
"19",19,"2016-10-01","1001.4"
"20",20,"2016-10-01","1002.0"
"21",21,"2016-10-01","1003.2"
"22",22,"2016-10-01","1003.7"
"23",23,"2016-10-01","1003.7"
"24",24,"2016-10-01","1003.3"
"25",1,"2016-10-02","1003.0"
"26",2,"2016-10-02","1002.2"
"27",3,"2016-10-02","1001.8"
"28",4,"2016-10-02","1001.2"
"29",5,"2016-10-02","1001.3"
"30",6,"2016-10-02","1001.7"
"31",7,"2016-10-02","1002.1"
"32",8,"2016-10-02","1002.4"
"33",9,"2016-10-02","1002.4"
"34",10,"2016-10-02","1002.3"
"35",11,"2016-10-02","1002.1"
"36",12,"2016-10-02","1001.1"
"37",13,"2016-10-02","1000.5"
"38",14,"2016-10-02","999.9"
"39",15,"2016-10-02","999.3"
"40",16,"2016-10-02","999.0"
"41",17,"2016-10-02","998.7"
"42",18,"2016-10-02","999.4"
"43",19,"2016-10-02","1000.1"
"44",20,"2016-10-02","1000.7"
"45",21,"2016-10-02","1001.1"
"46",22,"2016-10-02","1001.2"
"47",23,"2016-10-02","1000.8"
"48",24,"2016-10-02","1000.4"
"49",1,"2016-10-03","1000.0"
"50",2,"2016-10-03","999.6"
"51",3,"2016-10-03","999.0"
"52",4,"2016-10-03","998.7"
"53",5,"2016-10-03","998.7"
"54",6,"2016-10-03","998.8"
"55",7,"2016-10-03","999.0"
"56",8,"2016-10-03","999.5"
"57",9,"2016-10-03","999.8"
"58",10,"2016-10-03","999.8"
"59",11,"2016-10-03","999.4"
"60",12,"2016-10-03","998.7"
"61",13,"2016-10-03","X"
"62",14,"2016-10-03","997.1"
"63",15,"2016-10-03","996.7"
"64",16,"2016-10-03","996.9"
"65",17,"2016-10-03","997.3"
"66",18,"2016-10-03","997.7"
"67",19,"2016-10-03","998.2"
"68",20,"2016-10-03","998.8"
"69",21,"2016-10-03","999.4"
"70",22,"2016-10-03","999.4"
"71",23,"2016-10-03","999.5"
"72",24,"2016-10-03","999.7"
"73",1,"2016-10-04","999.4"
"74",2,"2016-10-04","999.3"
"75",3,"2016-10-04","999.1"
"76",4,"2016-10-04","998.7"
"77",5,"2016-10-04","999.0"
"78",6,"2016-10-04","999.2"
"79",7,"2016-10-04","999.4"
"80",8,"2016-10-04","999.9"
"81",9,"2016-10-04","X"
"82",10,"2016-10-04","999.9"
"83",11,"2016-10-04","999.5"
"84",12,"2016-10-04","998.8"
"85",13,"2016-10-04","998.2"
"86",14,"2016-10-04","997.7"
"87",15,"2016-10-04","997.3"
"88",16,"2016-10-04","997.5"
"89",17,"2016-10-04","997.8"
"90",18,"2016-10-04","998.3"
"91",19,"2016-10-04","998.8"
"92",20,"2016-10-04","999.5"
"93",21,"2016-10-04","1000.3"
"94",22,"2016-10-04","1000.4"
"95",23,"2016-10-04","1000.8"
"96",24,"2016-10-04","1000.5"
"97",1,"2016-10-05","1000.2"
"98",2,"2016-10-05","1000.1"
"99",3,"2016-10-05","999.9"
"100",4,"2016-10-05","999.7"
"101",5,"2016-10-05","1000.2"
"102",6,"2016-10-05","1000.3"
"103",7,"2016-10-05","X"
"104",8,"2016-10-05","1001.0"
"105",9,"2016-10-05","1001.4"
"106",10,"2016-10-05","1001.3"
"107",11,"2016-10-05","1000.8"
"108",12,"2016-10-05","X"
"109",13,"2016-10-05","998.9"
"110",14,"2016-10-05","998.2"
"111",15,"2016-10-05","997.8"
"112",16,"2016-10-05","997.9"
"113",17,"2016-10-05","998.0"
"114",18,"2016-10-05","998.5"
"115",19,"2016-10-05","999.2"
"116",20,"2016-10-05","999.5"
"117",21,"2016-10-05","999.8"
"118",22,"2016-10-05","999.7"
"119",23,"2016-10-05","999.4"
"120",24,"2016-10-05","998.7"
"121",1,"2016-10-06","998.1"
"122",2,"2016-10-06","997.9"
"123",3,"2016-10-06","998.0"
"124",4,"2016-10-06","999.2"
"125",5,"2016-10-06","998.8"
"126",6,"2016-10-06","999.0"
"127",7,"2016-10-06","1000.2"
"128",8,"2016-10-06","1000.3"
"129",9,"2016-10-06","999.9"
"130",10,"2016-10-06","999.6"
"131",11,"2016-10-06","999.9"
"132",12,"2016-10-06","999.7"
"133",13,"2016-10-06","999.0"
"134",14,"2016-10-06","998.5"
"135",15,"2016-10-06","998.6"
"136",16,"2016-10-06","998.8"
"137",17,"2016-10-06","999.0"
"138",18,"2016-10-06","998.9"
"139",19,"2016-10-06","999.1"
"140",20,"2016-10-06","999.3"
"141",21,"2016-10-06","X"
"142",22,"2016-10-06","999.7"
"143",23,"2016-10-06","999.7"
"144",24,"2016-10-06","999.1"
"145",1,"2016-10-07","999.3"
"146",2,"2016-10-07","998.7"
"147",3,"2016-10-07","997.9"
"148",4,"2016-10-07","998.2"
"149",5,"2016-10-07","998.7"
"150",6,"2016-10-07","999.1"
"151",7,"2016-10-07","999.3"
"152",8,"2016-10-07","999.3"
"153",9,"2016-10-07","999.4"
"154",10,"2016-10-07","1000.0"
"155",11,"2016-10-07","999.7"
"156",12,"2016-10-07","998.9"
"157",13,"2016-10-07","998.7"
"158",14,"2016-10-07","997.6"
"159",15,"2016-10-07","997.5"
"160",16,"2016-10-07","998.1"
"161",17,"2016-10-07","998.8"
"162",18,"2016-10-07","999.3"
"163",19,"2016-10-07","999.7"
"164",20,"2016-10-07","1000.1"
"165",21,"2016-10-07","1000.8"
"166",22,"2016-10-07","1000.8"
"167",23,"2016-10-07","1000.6"
"168",24,"2016-10-07","1000.9"
"169",1,"2016-10-08","1000.6"
"170",2,"2016-10-08","999.8"
"171",3,"2016-10-08","999.4"
"172",4,"2016-10-08","999.2"
"173",5,"2016-10-08","1000.2"
"174",6,"2016-10-08","1000.9"
"175",7,"2016-10-08","1001.0"
"176",8,"2016-10-08","X"
"177",9,"2016-10-08","1001.3"
"178",10,"2016-10-08","1000.9"
"179",11,"2016-10-08","1000.9"
"180",12,"2016-10-08","1000.5"
"181",13,"2016-10-08","999.6"
"182",14,"2016-10-08","999.2"
"183",15,"2016-10-08","998.8"
"184",16,"2016-10-08","999.1"
"185",17,"2016-10-08","999.6"
"186",18,"2016-10-08","999.2"
"187",19,"2016-10-08","999.8"
"188",20,"2016-10-08","1000.2"
"189",21,"2016-10-08","1000.5"
"190",22,"2016-10-08","1000.3"
"191",23,"2016-10-08","1000.4"
"192",24,"2016-10-08","1000.3"
"193",1,"2016-10-09","999.9"
"194",2,"2016-10-09","999.6"
"195",3,"2016-10-09","999.1"
"196",4,"2016-10-09","X"
"197",5,"2016-10-09","998.5"
"198",6,"2016-10-09","998.8"
"199",7,"2016-10-09","999.9"
"200",8,"2016-10-09","1000.4"
"201",9,"2016-10-09","1000.9"
"202",10,"2016-10-09","1001.1"
"203",11,"2016-10-09","1001.1"
"204",12,"2016-10-09","1000.6"
"205",13,"2016-10-09","999.8"
"206",14,"2016-10-09","999.1"
"207",15,"2016-10-09","998.8"
"208",16,"2016-10-09","998.6"
"209",17,"2016-10-09","998.5"
"210",18,"2016-10-09","998.8"
"211",19,"2016-10-09","999.3"
"212",20,"2016-10-09","999.8"
"213",21,"2016-10-09","1000.0"
"214",22,"2016-10-09","1000.3"
"215",23,"2016-10-09","999.9"
"216",24,"2016-10-09","999.9"
"217",1,"2016-10-10","X"
"218",2,"2016-10-10","999.1"
"219",3,"2016-10-10","999.1"
"220",4,"2016-10-10","999.0"
"221",5,"2016-10-10","1000.1"
"222",6,"2016-10-10","1000.7"
"223",7,"2016-10-10","1001.5"
"224",8,"2016-10-10","1002.2"
"225",9,"2016-10-10","1002.6"
"226",10,"2016-10-10","1002.1"
"227",11,"2016-10-10","1001.4"
"228",12,"2016-10-10","1001.2"
"229",13,"2016-10-10","1000.6"
"230",14,"2016-10-10","999.9"
"231",15,"2016-10-10","999.6"
"232",16,"2016-10-10","999.5"
"233",17,"2016-10-10","999.8"
"234",18,"2016-10-10","1000.4"
"235",19,"2016-10-10","1000.9"
"236",20,"2016-10-10","1001.7"
"237",21,"2016-10-10","1002.5"
"238",22,"2016-10-10","1002.5"
"239",23,"2016-10-10","1002.4"
"240",24,"2016-10-10","1002.3"
"241",1,"2016-10-11","1001.7"
"242",2,"2016-10-11","1001.4"
"243",3,"2016-10-11","1001.3"
"244",4,"2016-10-11","1001.1"
"245",5,"2016-10-11","1001.3"
"246",6,"2016-10-11","1001.7"
"247",7,"2016-10-11","1002.8"
"248",8,"2016-10-11","1003.2"
"249",9,"2016-10-11","1003.4"
"250",10,"2016-10-11","1003.3"
"251",11,"2016-10-11","1002.5"
"252",12,"2016-10-11","1001.8"
"253",13,"2016-10-11","1001.0"
"254",14,"2016-10-11","1000.5"
"255",15,"2016-10-11","1000.2"
"256",16,"2016-10-11","1000.4"
"257",17,"2016-10-11","1001.1"
"258",18,"2016-10-11","1001.9"
"259",19,"2016-10-11","1002.3"
"260",20,"2016-10-11","1002.9"
"261",21,"2016-10-11","1003.3"
"262",22,"2016-10-11","1003.5"
"263",23,"2016-10-11","1003.3"
"264",24,"2016-10-11","1003.5"
"265",1,"2016-10-12","1003.2"
"266",2,"2016-10-12","1002.9"
"267",3,"2016-10-12","1002.9"
"268",4,"2016-10-12","1002.9"
"269",5,"2016-10-12","1003.0"
"270",6,"2016-10-12","1003.5"
"271",7,"2016-10-12","1004.3"
"272",8,"2016-10-12","1004.8"
"273",9,"2016-10-12","1005.0"
"274",10,"2016-10-12","1004.8"
"275",11,"2016-10-12","1004.3"
"276",12,"2016-10-12","1003.5"
"277",13,"2016-10-12","1002.9"
"278",14,"2016-10-12","1002.3"
"279",15,"2016-10-12","1002.0"
"280",16,"2016-10-12","1002.2"
"281",17,"2016-10-12","1002.5"
"282",18,"2016-10-12","1002.9"
"283",19,"2016-10-12","1003.7"
"284",20,"2016-10-12","1004.6"
"285",21,"2016-10-12","1004.9"
"286",22,"2016-10-12","1005.1"
"287",23,"2016-10-12","1004.9"
"288",24,"2016-10-12","1004.4"
"289",1,"2016-10-13","1004.1"
"290",2,"2016-10-13","1003.6"
"291",3,"2016-10-13","1003.4"
"292",4,"2016-10-13","1003.3"
"293",5,"2016-10-13","1003.4"
"294",6,"2016-10-13","1003.9"
"295",7,"2016-10-13","1004.7"
"296",8,"2016-10-13","1005.4"
"297",9,"2016-10-13","1005.5"
"298",10,"2016-10-13","1005.2"
"299",11,"2016-10-13","1004.9"
"300",12,"2016-10-13","1004.2"
"301",13,"2016-10-13","1003.1"
"302",14,"2016-10-13","1002.4"
"303",15,"2016-10-13","1002.0"
"304",16,"2016-10-13","1002.1"
"305",17,"2016-10-13","1002.6"
"306",18,"2016-10-13","1002.7"
"307",19,"2016-10-13","1003.2"
"308",20,"2016-10-13","1003.9"
"309",21,"2016-10-13","1004.2"
"310",22,"2016-10-13","1004.2"
"311",23,"2016-10-13","1004.5"
"312",24,"2016-10-13","1003.9"
"313",1,"2016-10-14","1003.5"
"314",2,"2016-10-14","1003.3"
"315",3,"2016-10-14","1003.0"
"316",4,"2016-10-14","1002.8"
"317",5,"2016-10-14","1002.6"
"318",6,"2016-10-14","1002.9"
"319",7,"2016-10-14","1003.9"
"320",8,"2016-10-14","1004.3"
"321",9,"2016-10-14","1004.5"
"322",10,"2016-10-14","1004.4"
"323",11,"2016-10-14","1003.9"
"324",12,"2016-10-14","1003.2"
"325",13,"2016-10-14","1002.3"
"326",14,"2016-10-14","1001.5"
"327",15,"2016-10-14","1001.1"
"328",16,"2016-10-14","1000.9"
"329",17,"2016-10-14","1001.2"
"330",18,"2016-10-14","1001.5"
"331",19,"2016-10-14","1002.1"
"332",20,"2016-10-14","1002.6"
"333",21,"2016-10-14","1002.9"
"334",22,"2016-10-14","1003.4"
"335",23,"2016-10-14","1002.9"
"336",24,"2016-10-14","1003.0"
"337",1,"2016-10-15","1002.5"
"338",2,"2016-10-15","1002.6"
"339",3,"2016-10-15","1002.0"
"340",4,"2016-10-15","1001.6"
"341",5,"2016-10-15","1001.6"
"342",6,"2016-10-15","1002.0"
"343",7,"2016-10-15","1002.8"
"344",8,"2016-10-15","1003.1"
"345",9,"2016-10-15","1003.4"
"346",10,"2016-10-15","1003.2"
"347",11,"2016-10-15","1002.8"
"348",12,"2016-10-15","1002.2"
"349",13,"2016-10-15","1001.6"
"350",14,"2016-10-15","1000.6"
"351",15,"2016-10-15","1000.1"
"352",16,"2016-10-15","1000.3"
"353",17,"2016-10-15","1000.7"
"354",18,"2016-10-15","1000.8"
"355",19,"2016-10-15","1001.3"
"356",20,"2016-10-15","1001.9"
"357",21,"2016-10-15","1002.2"
"358",22,"2016-10-15","1002.2"
"359",23,"2016-10-15","1001.9"
"360",24,"2016-10-15","1002.0"
"361",1,"2016-10-16","1002.3"
"362",2,"2016-10-16","1001.6"
"363",3,"2016-10-16","1001.5"
"364",4,"2016-10-16","1000.9"
"365",5,"2016-10-16","1000.9"
"366",6,"2016-10-16","1001.8"
"367",7,"2016-10-16","1002.8"
"368",8,"2016-10-16","1002.8"
"369",9,"2016-10-16","1002.9"
"370",10,"2016-10-16","1002.6"
"371",11,"2016-10-16","1002.4"
"372",12,"2016-10-16","1001.4"
"373",13,"2016-10-16","1000.7"
"374",14,"2016-10-16","999.9"
"375",15,"2016-10-16","999.8"
"376",16,"2016-10-16","999.9"
"377",17,"2016-10-16","1000.5"
"378",18,"2016-10-16","1000.9"
"379",19,"2016-10-16","1001.2"
"380",20,"2016-10-16","1001.7"
"381",21,"2016-10-16","1001.9"
"382",22,"2016-10-16","1002.2"
"383",23,"2016-10-16","1002.1"
"384",24,"2016-10-16","1002.1"
"385",1,"2016-10-17","1001.7"
"386",2,"2016-10-17","1001.1"
"387",3,"2016-10-17","1000.9"
"388",4,"2016-10-17","1000.5"
"389",5,"2016-10-17","1000.9"
"390",6,"2016-10-17","1001.0"
"391",7,"2016-10-17","1001.4"
"392",8,"2016-10-17","1001.9"
"393",9,"2016-10-17","1002.6"
"394",10,"2016-10-17","1002.7"
"395",11,"2016-10-17","1001.9"
"396",12,"2016-10-17","1001.0"
"397",13,"2016-10-17","1000.3"
"398",14,"2016-10-17","999.8"
"399",15,"2016-10-17","999.5"
"400",16,"2016-10-17","999.3"
"401",17,"2016-10-17","1000.0"
"402",18,"2016-10-17","1000.2"
"403",19,"2016-10-17","1000.8"
"404",20,"2016-10-17","1001.9"
"405",21,"2016-10-17","1002.9"
"406",22,"2016-10-17","1003.4"
"407",23,"2016-10-17","1003.6"
"408",24,"2016-10-17","1003.5"
"409",1,"2016-10-18","1003.0"
"410",2,"2016-10-18","1002.3"
"411",3,"2016-10-18","1001.5"
"412",4,"2016-10-18","1001.2"
"413",5,"2016-10-18","1001.4"
"414",6,"2016-10-18","1002.3"
"415",7,"2016-10-18","1002.7"
"416",8,"2016-10-18","1003.3"
"417",9,"2016-10-18","1003.8"
"418",10,"2016-10-18","1003.8"
"419",11,"2016-10-18","1003.4"
"420",12,"2016-10-18","1003.0"
"421",13,"2016-10-18","1002.5"
"422",14,"2016-10-18","1001.7"
"423",15,"2016-10-18","1001.0"
"424",16,"2016-10-18","1001.1"
"425",17,"2016-10-18","1001.3"
"426",18,"2016-10-18","1001.6"
"427",19,"2016-10-18","1002.1"
"428",20,"2016-10-18","1002.6"
"429",21,"2016-10-18","1002.8"
"430",22,"2016-10-18","1003.3"
"431",23,"2016-10-18","1003.0"
"432",24,"2016-10-18","1002.5"
"433",1,"2016-10-19","1001.9"
"434",2,"2016-10-19","1001.5"
"435",3,"2016-10-19","1001.4"
"436",4,"2016-10-19","1000.9"
"437",5,"2016-10-19","1000.7"
"438",6,"2016-10-19","1001.2"
"439",7,"2016-10-19","1001.8"
"440",8,"2016-10-19","1001.7"
"441",9,"2016-10-19","1001.5"
"442",10,"2016-10-19","1001.7"
"443",11,"2016-10-19","1001.0"
"444",12,"2016-10-19","999.6"
"445",13,"2016-10-19","999.2"
"446",14,"2016-10-19","998.4"
"447",15,"2016-10-19","997.9"
"448",16,"2016-10-19","998.1"
"449",17,"2016-10-19","998.6"
"450",18,"2016-10-19","998.7"
"451",19,"2016-10-19","998.9"
"452",20,"2016-10-19","999.3"
"453",21,"2016-10-19","999.1"
"454",22,"2016-10-19","998.6"
"455",23,"2016-10-19","998.3"
"456",24,"2016-10-19","997.5"
"457",1,"2016-10-20","997.2"
"458",2,"2016-10-20","996.2"
"459",3,"2016-10-20","995.6"
"460",4,"2016-10-20","995.7"
"461",5,"2016-10-20","994.8"
"462",6,"2016-10-20","994.8"
"463",7,"2016-10-20","995.6"
"464",8,"2016-10-20","995.9"
"465",9,"2016-10-20","995.5"
"466",10,"2016-10-20","995.9"
"467",11,"2016-10-20","995.4"
"468",12,"2016-10-20","994.6"
"469",13,"2016-10-20","994.2"
"470",14,"2016-10-20","993.5"
"471",15,"2016-10-20","993.0"
"472",16,"2016-10-20","993.0"
"473",17,"2016-10-20","993.5"
"474",18,"2016-10-20","X"
"475",19,"2016-10-20","994.2"
"476",20,"2016-10-20","995.1"
"477",21,"2016-10-20","994.9"
"478",22,"2016-10-20","995.6"
"479",23,"2016-10-20","996.0"
"480",24,"2016-10-20","995.8"
"481",1,"2016-10-21","995.1"
"482",2,"2016-10-21","995.5"
"483",3,"2016-10-21","996.5"
"484",4,"2016-10-21","996.3"
"485",5,"2016-10-21","996.8"
"486",6,"2016-10-21","997.5"
"487",7,"2016-10-21","998.2"
"488",8,"2016-10-21","999.0"
"489",9,"2016-10-21","999.9"
"490",10,"2016-10-21","1000.4"
"491",11,"2016-10-21","999.8"
"492",12,"2016-10-21","998.9"
"493",13,"2016-10-21","998.3"
"494",14,"2016-10-21","998.0"
"495",15,"2016-10-21","998.1"
"496",16,"2016-10-21","998.7"
"497",17,"2016-10-21","999.3"
"498",18,"2016-10-21","999.6"
"499",19,"2016-10-21","1000.0"
"500",20,"2016-10-21","1001.0"
"501",21,"2016-10-21","1001.3"
"502",22,"2016-10-21","1001.9"
"503",23,"2016-10-21","1001.5"
"504",24,"2016-10-21","1001.2"
"505",1,"2016-10-22","1001.1"
"506",2,"2016-10-22","1000.9"
"507",3,"2016-10-22","1000.8"
"508",4,"2016-10-22","1000.8"
"509",5,"2016-10-22","1001.4"
"510",6,"2016-10-22","1001.9"
"511",7,"2016-10-22","1002.4"
"512",8,"2016-10-22","1002.9"
"513",9,"2016-10-22","1003.4"
"514",10,"2016-10-22","1003.0"
"515",11,"2016-10-22","1002.3"
"516",12,"2016-10-22","1001.7"
"517",13,"2016-10-22","1001.1"
"518",14,"2016-10-22","1000.6"
"519",15,"2016-10-22","1000.2"
"520",16,"2016-10-22","1000.5"
"521",17,"2016-10-22","1000.8"
"522",18,"2016-10-22","1001.0"
"523",19,"2016-10-22","1001.6"
"524",20,"2016-10-22","1002.4"
"525",21,"2016-10-22","X"
"526",22,"2016-10-22","1002.6"
"527",23,"2016-10-22","1002.6"
"528",24,"2016-10-22","1002.1"
"529",1,"2016-10-23","1001.8"
"530",2,"2016-10-23","1001.5"
"531",3,"2016-10-23","1001.5"
"532",4,"2016-10-23","1001.2"
"533",5,"2016-10-23","1001.6"
"534",6,"2016-10-23","1002.4"
"535",7,"2016-10-23","1002.8"
"536",8,"2016-10-23","1003.5"
"537",9,"2016-10-23","1003.8"
"538",10,"2016-10-23","1003.6"
"539",11,"2016-10-23","1002.6"
"540",12,"2016-10-23","1001.7"
"541",13,"2016-10-23","1000.9"
"542",14,"2016-10-23","1000.3"
"543",15,"2016-10-23","1000.2"
"544",16,"2016-10-23","1000.4"
"545",17,"2016-10-23","1000.9"
"546",18,"2016-10-23","1001.3"
"547",19,"2016-10-23","1001.9"
"548",20,"2016-10-23","1002.6"
"549",21,"2016-10-23","1003.0"
"550",22,"2016-10-23","1003.2"
"551",23,"2016-10-23","1003.3"
"552",24,"2016-10-23","1003.2"
"553",1,"2016-10-24","1002.9"
"554",2,"2016-10-24","1002.5"
"555",3,"2016-10-24","1002.4"
"556",4,"2016-10-24","1002.3"
"557",5,"2016-10-24","1002.8"
"558",6,"2016-10-24","1003.4"
"559",7,"2016-10-24","1004.1"
"560",8,"2016-10-24","1004.5"
"561",9,"2016-10-24","1004.5"
"562",10,"2016-10-24","1004.3"
"563",11,"2016-10-24","1003.8"
"564",12,"2016-10-24","1002.9"
"565",13,"2016-10-24","1002.1"
"566",14,"2016-10-24","1001.5"
"567",15,"2016-10-24","1001.2"
"568",16,"2016-10-24","1001.6"
"569",17,"2016-10-24","1001.8"
"570",18,"2016-10-24","1002.5"
"571",19,"2016-10-24","1003.4"
"572",20,"2016-10-24","1004.3"
"573",21,"2016-10-24","1004.7"
"574",22,"2016-10-24","1004.8"
"575",23,"2016-10-24","1004.7"
"576",24,"2016-10-24","1004.3"
"577",1,"2016-10-25","1003.9"
"578",2,"2016-10-25","1003.9"
"579",3,"2016-10-25","1003.9"
"580",4,"2016-10-25","1004.1"
"581",5,"2016-10-25","1004.5"
"582",6,"2016-10-25","X"
"583",7,"2016-10-25","1005.4"
"584",8,"2016-10-25","1005.7"
"585",9,"2016-10-25","1006.4"
"586",10,"2016-10-25","1006.2"
"587",11,"2016-10-25","1005.7"
"588",12,"2016-10-25","1005.0"
"589",13,"2016-10-25","1004.7"
"590",14,"2016-10-25","1004.0"
"591",15,"2016-10-25","1003.7"
"592",16,"2016-10-25","1003.6"
"593",17,"2016-10-25","1003.8"
"594",18,"2016-10-25","1004.2"
"595",19,"2016-10-25","1005.0"
"596",20,"2016-10-25","1005.7"
"597",21,"2016-10-25","1005.8"
"598",22,"2016-10-25","1006.1"
"599",23,"2016-10-25","1006.5"
"600",24,"2016-10-25","1006.6"
"601",1,"2016-10-26","1006.6"
"602",2,"2016-10-26","1006.4"
"603",3,"2016-10-26","1006.4"
"604",4,"2016-10-26","1006.5"
"605",5,"2016-10-26","1007.0"
"606",6,"2016-10-26","1007.5"
"607",7,"2016-10-26","1008.1"
"608",8,"2016-10-26","1008.8"
"609",9,"2016-10-26","1009.1"
"610",10,"2016-10-26","1008.8"
"611",11,"2016-10-26","1008.2"
"612",12,"2016-10-26","1007.3"
"613",13,"2016-10-26","1006.6"
"614",14,"2016-10-26","1005.9"
"615",15,"2016-10-26","1005.6"
"616",16,"2016-10-26","1005.7"
"617",17,"2016-10-26","1006.0"
"618",18,"2016-10-26","1006.5"
"619",19,"2016-10-26","1007.1"
"620",20,"2016-10-26","1007.6"
"621",21,"2016-10-26","1007.8"
"622",22,"2016-10-26","1007.9"
"623",23,"2016-10-26","1007.8"
"624",24,"2016-10-26","X"
"625",1,"2016-10-27","1007.3"
"626",2,"2016-10-27","1007.1"
"627",3,"2016-10-27","1006.7"
"628",4,"2016-10-27","1006.8"
"629",5,"2016-10-27","1007.3"
"630",6,"2016-10-27","1008.0"
"631",7,"2016-10-27","1008.7"
"632",8,"2016-10-27","1009.6"
"633",9,"2016-10-27","1010.0"
"634",10,"2016-10-27","1009.8"
"635",11,"2016-10-27","1009.1"
"636",12,"2016-10-27","1008.2"
"637",13,"2016-10-27","1007.1"
"638",14,"2016-10-27","1006.4"
"639",15,"2016-10-27","1005.7"
"640",16,"2016-10-27","1005.7"
"641",17,"2016-10-27","1006.0"
"642",18,"2016-10-27","1006.1"
"643",19,"2016-10-27","1006.7"
"644",20,"2016-10-27","1007.5"
"645",21,"2016-10-27","1007.8"
"646",22,"2016-10-27","1007.7"
"647",23,"2016-10-27","1007.5"
"648",24,"2016-10-27","1007.1"
"649",1,"2016-10-28","1006.5"
"650",2,"2016-10-28","1006.1"
"651",3,"2016-10-28","1005.9"
"652",4,"2016-10-28","1005.9"
"653",5,"2016-10-28","1006.4"
"654",6,"2016-10-28","1006.9"
"655",7,"2016-10-28","1007.5"
"656",8,"2016-10-28","1007.9"
"657",9,"2016-10-28","1008.2"
"658",10,"2016-10-28","1008.3"
"659",11,"2016-10-28","1007.8"
"660",12,"2016-10-28","1006.9"
"661",13,"2016-10-28","1005.9"
"662",14,"2016-10-28","1004.9"
"663",15,"2016-10-28","1004.5"
"664",16,"2016-10-28","1004.5"
"665",17,"2016-10-28","1004.7"
"666",18,"2016-10-28","1005.2"
"667",19,"2016-10-28","1005.8"
"668",20,"2016-10-28","1006.6"
"669",21,"2016-10-28","1006.9"
"670",22,"2016-10-28","1007.0"
"671",23,"2016-10-28","1007.2"
"672",24,"2016-10-28","1007.0"
"673",1,"2016-10-29","1006.8"
"674",2,"2016-10-29","1006.5"
"675",3,"2016-10-29","1006.4"
"676",4,"2016-10-29","1006.3"
"677",5,"2016-10-29","1006.8"
"678",6,"2016-10-29","1007.2"
"679",7,"2016-10-29","1007.6"
"680",8,"2016-10-29","1008.3"
"681",9,"2016-10-29","1008.5"
"682",10,"2016-10-29","1008.3"
"683",11,"2016-10-29","1007.8"
"684",12,"2016-10-29","1007.4"
"685",13,"2016-10-29","1006.6"
"686",14,"2016-10-29","1006.1"
"687",15,"2016-10-29","1006.0"
"688",16,"2016-10-29","1006.3"
"689",17,"2016-10-29","1006.7"
"690",18,"2016-10-29","1007.5"
"691",19,"2016-10-29","1008.0"
"692",20,"2016-10-29","1008.8"
"693",21,"2016-10-29","X"
"694",22,"2016-10-29","1009.6"
"695",23,"2016-10-29","1009.4"
"696",24,"2016-10-29","1009.4"
"697",1,"2016-10-30","1009.2"
"698",2,"2016-10-30","1008.7"
"699",3,"2016-10-30","1008.6"
"700",4,"2016-10-30","1008.9"
"701",5,"2016-10-30","1008.9"
"702",6,"2016-10-30","1009.4"
"703",7,"2016-10-30","1010.1"
"704",8,"2016-10-30","1010.2"
"705",9,"2016-10-30","1010.9"
"706",10,"2016-10-30","1010.7"
"707",11,"2016-10-30","1009.7"
"708",12,"2016-10-30","1009.0"
"709",13,"2016-10-30","1008.2"
"710",14,"2016-10-30","1007.9"
"711",15,"2016-10-30","1007.6"
"712",16,"2016-10-30","1007.5"
"713",17,"2016-10-30","1008.0"
"714",18,"2016-10-30","1008.4"
"715",19,"2016-10-30","1008.9"
"716",20,"2016-10-30","1009.3"
"717",21,"2016-10-30","1009.9"
"718",22,"2016-10-30","1010.2"
"719",23,"2016-10-30","1010.3"
"720",24,"2016-10-30","1010.1"
"721",1,"2016-10-31","1010.1"
"722",2,"2016-10-31","1009.5"
"723",3,"2016-10-31","1009.2"
"724",4,"2016-10-31","1009.2"
"725",5,"2016-10-31","1009.5"
"726",6,"2016-10-31","1010.2"
"727",7,"2016-10-31","1010.7"
"728",8,"2016-10-31","1011.1"
"729",9,"2016-10-31","1010.9"
"730",10,"2016-10-31","1010.5"
"731",11,"2016-10-31","1009.4"
"732",12,"2016-10-31","1008.5"
"733",13,"2016-10-31","1007.5"
"734",14,"2016-10-31","1006.9"
"735",15,"2016-10-31","1006.7"
"736",16,"2016-10-31","1006.7"
"737",17,"2016-10-31","1007.3"
"738",18,"2016-10-31","1008.1"
"739",19,"2016-10-31","1008.9"
"740",20,"2016-10-31","1009.5"
"741",21,"2016-10-31","1009.6"
"742",22,"2016-10-31","1009.6"
"743",23,"2016-10-31","1009.5"
"744",24,"2016-10-31","1009.2"
"745",1,"2016-11-01","1008.8"
"746",2,"2016-11-01","1008.3"
"747",3,"2016-11-01","1008.0"
"748",4,"2016-11-01","1007.8"
"749",5,"2016-11-01","1008.0"
"750",6,"2016-11-01","1008.3"
"751",7,"2016-11-01","1008.8"
"752",8,"2016-11-01","1009.3"
"753",9,"2016-11-01","1009.9"
"754",10,"2016-11-01","1009.8"
"755",11,"2016-11-01","1009.1"
"756",12,"2016-11-01","X"
"757",13,"2016-11-01","1007.5"
"758",14,"2016-11-01","1006.9"
"759",15,"2016-11-01","1006.7"
"760",16,"2016-11-01","1006.6"
"761",17,"2016-11-01","1006.8"
"762",18,"2016-11-01","1007.3"
"763",19,"2016-11-01","1008.2"
"764",20,"2016-11-01","1009.0"
"765",21,"2016-11-01","1009.1"
"766",22,"2016-11-01","1009.2"
"767",23,"2016-11-01","1009.1"
"768",24,"2016-11-01","1008.9"
"769",1,"2016-11-02","1008.5"
"770",2,"2016-11-02","1008.4"
"771",3,"2016-11-02","1008.2"
"772",4,"2016-11-02","1007.9"
"773",5,"2016-11-02","1007.9"
"774",6,"2016-11-02","1008.4"
"775",7,"2016-11-02","1009.3"
"776",8,"2016-11-02","1009.7"
"777",9,"2016-11-02","1010.1"
"778",10,"2016-11-02","X"
"779",11,"2016-11-02","1009.3"
"780",12,"2016-11-02","1008.7"
"781",13,"2016-11-02","1008.0"
"782",14,"2016-11-02","1007.2"
"783",15,"2016-11-02","1006.9"
"784",16,"2016-11-02","1007.2"
"785",17,"2016-11-02","1007.7"
"786",18,"2016-11-02","1007.9"
"787",19,"2016-11-02","1008.7"
"788",20,"2016-11-02","1009.0"
"789",21,"2016-11-02","1009.2"
"790",22,"2016-11-02","1009.2"
"791",23,"2016-11-02","1009.2"
"792",24,"2016-11-02","1009.1"
"793",1,"2016-11-03","1008.7"
"794",2,"2016-11-03","1008.2"
"795",3,"2016-11-03","1007.8"
"796",4,"2016-11-03","1007.7"
"797",5,"2016-11-03","1007.8"
"798",6,"2016-11-03","1008.4"
"799",7,"2016-11-03","1008.8"
"800",8,"2016-11-03","1009.3"
"801",9,"2016-11-03","1009.7"
"802",10,"2016-11-03","1009.6"
"803",11,"2016-11-03","1008.8"
"804",12,"2016-11-03","1007.6"
"805",13,"2016-11-03","1006.6"
"806",14,"2016-11-03","1005.8"
"807",15,"2016-11-03","1005.6"
"808",16,"2016-11-03","1005.4"
"809",17,"2016-11-03","1005.6"
"810",18,"2016-11-03","1005.9"
"811",19,"2016-11-03","1006.1"
"812",20,"2016-11-03","1006.8"
"813",21,"2016-11-03","1006.8"
"814",22,"2016-11-03","1007.0"
"815",23,"2016-11-03","1006.9"
"816",24,"2016-11-03","1006.5"
"817",1,"2016-11-04","1006.2"
"818",2,"2016-11-04","1005.8"
"819",3,"2016-11-04","1005.6"
"820",4,"2016-11-04","1005.6"
"821",5,"2016-11-04","1005.6"
"822",6,"2016-11-04","1006.0"
"823",7,"2016-11-04","1006.4"
"824",8,"2016-11-04","X"
"825",9,"2016-11-04","1006.8"
"826",10,"2016-11-04","1006.7"
"827",11,"2016-11-04","1005.9"
"828",12,"2016-11-04","1005.0"
"829",13,"2016-11-04","1003.9"
"830",14,"2016-11-04","1003.0"
"831",15,"2016-11-04","1002.7"
"832",16,"2016-11-04","1002.7"
"833",17,"2016-11-04","1003.3"
"834",18,"2016-11-04","1003.5"
"835",19,"2016-11-04","1004.0"
"836",20,"2016-11-04","1004.3"
"837",21,"2016-11-04","1004.6"
"838",22,"2016-11-04","1004.8"
"839",23,"2016-11-04","1004.8"
"840",24,"2016-11-04","1004.7"
"841",1,"2016-11-05","1004.5"
"842",2,"2016-11-05","1004.1"
"843",3,"2016-11-05","1003.8"
"844",4,"2016-11-05","1003.4"
"845",5,"2016-11-05","1003.8"
"846",6,"2016-11-05","1004.2"
"847",7,"2016-11-05","1005.0"
"848",8,"2016-11-05","1005.4"
"849",9,"2016-11-05","1005.3"
"850",10,"2016-11-05","1004.7"
"851",11,"2016-11-05","1004.1"
"852",12,"2016-11-05","1003.5"
"853",13,"2016-11-05","1002.8"
"854",14,"2016-11-05","1002.5"
"855",15,"2016-11-05","1002.5"
"856",16,"2016-11-05","1002.8"
"857",17,"2016-11-05","1003.0"
"858",18,"2016-11-05","1003.3"
"859",19,"2016-11-05","1004.1"
"860",20,"2016-11-05","1004.3"
"861",21,"2016-11-05","1004.6"
"862",22,"2016-11-05","X"
"863",23,"2016-11-05","1005.1"
"864",24,"2016-11-05","1004.9"
"865",1,"2016-11-06","1004.9"
"866",2,"2016-11-06","1004.9"
"867",3,"2016-11-06","1004.8"
"868",4,"2016-11-06","1004.9"
"869",5,"2016-11-06","1005.4"
"870",6,"2016-11-06","1006.1"
"871",7,"2016-11-06","1007.0"
"872",8,"2016-11-06","1007.9"
"873",9,"2016-11-06","1008.0"
"874",10,"2016-11-06","1008.3"
"875",11,"2016-11-06","1007.6"
"876",12,"2016-11-06","1006.9"
"877",13,"2016-11-06","1005.5"
"878",14,"2016-11-06","1005.3"
"879",15,"2016-11-06","1005.5"
"880",16,"2016-11-06","1005.4"
"881",17,"2016-11-06","1006.0"
"882",18,"2016-11-06","1006.5"
"883",19,"2016-11-06","1007.0"
"884",20,"2016-11-06","1007.5"
"885",21,"2016-11-06","1007.8"
"886",22,"2016-11-06","1008.2"
"887",23,"2016-11-06","1008.2"
"888",24,"2016-11-06","1007.9"
"889",1,"2016-11-07","1008.4"
"890",2,"2016-11-07","1008.1"
"891",3,"2016-11-07","1007.7"
"892",4,"2016-11-07","1008.0"
"893",5,"2016-11-07","1008.2"
"894",6,"2016-11-07","1008.8"
"895",7,"2016-11-07","1009.5"
"896",8,"2016-11-07","1009.8"
"897",9,"2016-11-07","1010.1"
"898",10,"2016-11-07","1009.6"
"899",11,"2016-11-07","1008.8"
"900",12,"2016-11-07","1008.0"
"901",13,"2016-11-07","1007.2"
"902",14,"2016-11-07","1006.8"
"903",15,"2016-11-07","1006.5"
"904",16,"2016-11-07","1006.6"
"905",17,"2016-11-07","1007.3"
"906",18,"2016-11-07","1007.9"
"907",19,"2016-11-07","1008.4"
"908",20,"2016-11-07","1008.9"
"909",21,"2016-11-07","1009.1"
"910",22,"2016-11-07","1009.1"
"911",23,"2016-11-07","1008.9"
"912",24,"2016-11-07","1008.4"
"913",1,"2016-11-08","1008.1"
"914",2,"2016-11-08","1007.7"
"915",3,"2016-11-08","1007.4"
"916",4,"2016-11-08","1007.4"
"917",5,"2016-11-08","1007.5"
"918",6,"2016-11-08","1008.2"
"919",7,"2016-11-08","1008.9"
"920",8,"2016-11-08","X"
"921",9,"2016-11-08","1009.5"
"922",10,"2016-11-08","1009.1"
"923",11,"2016-11-08","1008.7"
"924",12,"2016-11-08","1007.9"
"925",13,"2016-11-08","1006.9"
"926",14,"2016-11-08","1006.4"
"927",15,"2016-11-08","1005.9"
"928",16,"2016-11-08","1006.4"
"929",17,"2016-11-08","1006.9"
"930",18,"2016-11-08","1007.8"
"931",19,"2016-11-08","1008.6"
"932",20,"2016-11-08","1009.5"
"933",21,"2016-11-08","1009.5"
"934",22,"2016-11-08","1009.5"
"935",23,"2016-11-08","1009.5"
"936",24,"2016-11-08","1009.3"
"937",1,"2016-11-09","1009.3"
"938",2,"2016-11-09","1009.0"
"939",3,"2016-11-09","1008.4"
"940",4,"2016-11-09","1008.3"
"941",5,"2016-11-09","1008.2"
"942",6,"2016-11-09","1008.7"
"943",7,"2016-11-09","1009.2"
"944",8,"2016-11-09","1009.9"
"945",9,"2016-11-09","1010.5"
"946",10,"2016-11-09","1010.1"
"947",11,"2016-11-09","1009.3"
"948",12,"2016-11-09","1008.4"
"949",13,"2016-11-09","1007.2"
"950",14,"2016-11-09","1006.5"
"951",15,"2016-11-09","1006.1"
"952",16,"2016-11-09","1006.3"
"953",17,"2016-11-09","1006.8"
"954",18,"2016-11-09","1007.4"
"955",19,"2016-11-09","1008.0"
"956",20,"2016-11-09","X"
"957",21,"2016-11-09","1009.2"
"958",22,"2016-11-09","1009.7"
"959",23,"2016-11-09","1009.6"
"960",24,"2016-11-09","1009.1"
"961",1,"2016-11-10","1008.8"
"962",2,"2016-11-10","1008.4"
"963",3,"2016-11-10","1008.4"
"964",4,"2016-11-10","1008.1"
"965",5,"2016-11-10","1008.5"
"966",6,"2016-11-10","1009.1"
"967",7,"2016-11-10","1010.3"
"968",8,"2016-11-10","1010.7"
"969",9,"2016-11-10","1011.5"
"970",10,"2016-11-10","1011.5"
"971",11,"2016-11-10","1010.6"
"972",12,"2016-11-10","1009.4"
"973",13,"2016-11-10","1008.5"
"974",14,"2016-11-10","1008.0"
"975",15,"2016-11-10","1007.6"
"976",16,"2016-11-10","1007.6"
"977",17,"2016-11-10","1008.1"
"978",18,"2016-11-10","1008.1"
"979",19,"2016-11-10","1008.6"
"980",20,"2016-11-10","1009.1"
"981",21,"2016-11-10","1009.2"
"982",22,"2016-11-10","1009.3"
"983",23,"2016-11-10","1009.6"
"984",24,"2016-11-10","1009.3"
"985",1,"2016-11-11","1009.0"
"986",2,"2016-11-11","1008.6"
"987",3,"2016-11-11","1008.4"
"988",4,"2016-11-11","1008.5"
"989",5,"2016-11-11","1008.7"
"990",6,"2016-11-11","1009.0"
"991",7,"2016-11-11","1009.5"
"992",8,"2016-11-11","1009.9"
"993",9,"2016-11-11","1010.5"
"994",10,"2016-11-11","1010.6"
"995",11,"2016-11-11","1009.9"
"996",12,"2016-11-11","1008.8"
"997",13,"2016-11-11","1007.8"
"998",14,"2016-11-11","1007.6"
"999",15,"2016-11-11","1007.4"
"1000",16,"2016-11-11","1007.8"
"1001",17,"2016-11-11","1008.0"
"1002",18,"2016-11-11","1008.2"
"1003",19,"2016-11-11","1008.6"
"1004",20,"2016-11-11","1009.0"
"1005",21,"2016-11-11","1009.6"
"1006",22,"2016-11-11","1010.0"
"1007",23,"2016-11-11","1010.3"
"1008",24,"2016-11-11","1010.2"
"1009",1,"2016-11-12","1009.9"
"1010",2,"2016-11-12","1009.7"
"1011",3,"2016-11-12","X"
"1012",4,"2016-11-12","1009.1"
"1013",5,"2016-11-12","1009.0"
"1014",6,"2016-11-12","1009.9"
"1015",7,"2016-11-12","1010.2"
"1016",8,"2016-11-12","1010.6"
"1017",9,"2016-11-12","1011.0"
"1018",10,"2016-11-12","1010.7"
"1019",11,"2016-11-12","1010.0"
"1020",12,"2016-11-12","1009.2"
"1021",13,"2016-11-12","1008.3"
"1022",14,"2016-11-12","1007.7"
"1023",15,"2016-11-12","1007.7"
"1024",16,"2016-11-12","1007.7"
"1025",17,"2016-11-12","1008.2"
"1026",18,"2016-11-12","1008.4"
"1027",19,"2016-11-12","1008.9"
"1028",20,"2016-11-12","1009.4"
"1029",21,"2016-11-12","1009.7"
"1030",22,"2016-11-12","1009.7"
"1031",23,"2016-11-12","1009.8"
"1032",24,"2016-11-12","1009.7"
"1033",1,"2016-11-13","1009.3"
"1034",2,"2016-11-13","1008.8"
"1035",3,"2016-11-13","1008.7"
"1036",4,"2016-11-13","1008.7"
"1037",5,"2016-11-13","1009.0"
"1038",6,"2016-11-13","1009.3"
"1039",7,"2016-11-13","1009.7"
"1040",8,"2016-11-13","1010.2"
"1041",9,"2016-11-13","1010.6"
"1042",10,"2016-11-13","1010.3"
"1043",11,"2016-11-13","1009.5"
"1044",12,"2016-11-13","1008.9"
"1045",13,"2016-11-13","1007.9"
"1046",14,"2016-11-13","1007.1"
"1047",15,"2016-11-13","1006.6"
"1048",16,"2016-11-13","1006.7"
"1049",17,"2016-11-13","1006.9"
"1050",18,"2016-11-13","1007.8"
"1051",19,"2016-11-13","1008.1"
"1052",20,"2016-11-13","1008.2"
"1053",21,"2016-11-13","1008.2"
"1054",22,"2016-11-13","1008.3"
"1055",23,"2016-11-13","1008.2"
"1056",24,"2016-11-13","1007.7"
"1057",1,"2016-11-14","1007.2"
"1058",2,"2016-11-14","1006.6"
"1059",3,"2016-11-14","1006.6"
"1060",4,"2016-11-14","1006.5"
"1061",5,"2016-11-14","1006.8"
"1062",6,"2016-11-14","1007.3"
"1063",7,"2016-11-14","1007.6"
"1064",8,"2016-11-14","1008.0"
"1065",9,"2016-11-14","1008.3"
"1066",10,"2016-11-14","1008.0"
"1067",11,"2016-11-14","1007.4"
"1068",12,"2016-11-14","1006.7"
"1069",13,"2016-11-14","1005.5"
"1070",14,"2016-11-14","1004.8"
"1071",15,"2016-11-14","1004.5"
"1072",16,"2016-11-14","1004.8"
"1073",17,"2016-11-14","1005.3"
"1074",18,"2016-11-14","1005.6"
"1075",19,"2016-11-14","1006.3"
"1076",20,"2016-11-14","1006.8"
"1077",21,"2016-11-14","1007.1"
"1078",22,"2016-11-14","1007.5"
"1079",23,"2016-11-14","X"
"1080",24,"2016-11-14","1007.3"
"1081",1,"2016-11-15","1007.4"
"1082",2,"2016-11-15","1007.1"
"1083",3,"2016-11-15","1006.6"
"1084",4,"2016-11-15","1006.6"
"1085",5,"2016-11-15","1006.7"
"1086",6,"2016-11-15","1007.1"
"1087",7,"2016-11-15","1007.5"
"1088",8,"2016-11-15","1007.9"
"1089",9,"2016-11-15","1008.3"
"1090",10,"2016-11-15","1008.0"
"1091",11,"2016-11-15","1007.4"
"1092",12,"2016-11-15","1007.0"
"1093",13,"2016-11-15","1006.2"
"1094",14,"2016-11-15","1005.7"
"1095",15,"2016-11-15","1005.5"
"1096",16,"2016-11-15","1005.6"
"1097",17,"2016-11-15","1006.0"
"1098",18,"2016-11-15","1006.5"
"1099",19,"2016-11-15","1007.4"
"1100",20,"2016-11-15","1007.9"
"1101",21,"2016-11-15","1008.1"
"1102",22,"2016-11-15","1008.2"
"1103",23,"2016-11-15","1008.2"
"1104",24,"2016-11-15","1008.1"
"1105",1,"2016-11-16","1007.9"
"1106",2,"2016-11-16","1007.8"
"1107",3,"2016-11-16","1007.3"
"1108",4,"2016-11-16","1007.2"
"1109",5,"2016-11-16","1007.5"
"1110",6,"2016-11-16","1008.1"
"1111",7,"2016-11-16","1008.8"
"1112",8,"2016-11-16","1009.4"
"1113",9,"2016-11-16","1009.7"
"1114",10,"2016-11-16","X"
"1115",11,"2016-11-16","1008.8"
"1116",12,"2016-11-16","1008.2"
"1117",13,"2016-11-16","1007.2"
"1118",14,"2016-11-16","1006.7"
"1119",15,"2016-11-16","1006.4"
"1120",16,"2016-11-16","1006.4"
"1121",17,"2016-11-16","1006.6"
"1122",18,"2016-11-16","1007.0"
"1123",19,"2016-11-16","1007.5"
"1124",20,"2016-11-16","1008.0"
"1125",21,"2016-11-16","1008.5"
"1126",22,"2016-11-16","1008.8"
"1127",23,"2016-11-16","1008.7"
"1128",24,"2016-11-16","1008.5"
"1129",1,"2016-11-17","1008.6"
"1130",2,"2016-11-17","1008.4"
"1131",3,"2016-11-17","1008.2"
"1132",4,"2016-11-17","1008.0"
"1133",5,"2016-11-17","1008.0"
"1134",6,"2016-11-17","1008.2"
"1135",7,"2016-11-17","1008.8"
"1136",8,"2016-11-17","1009.1"
"1137",9,"2016-11-17","1009.2"
"1138",10,"2016-11-17","1008.8"
"1139",11,"2016-11-17","1008.4"
"1140",12,"2016-11-17","1007.8"
"1141",13,"2016-11-17","1007.1"
"1142",14,"2016-11-17","1006.5"
"1143",15,"2016-11-17","X"
"1144",16,"2016-11-17","1006.4"
"1145",17,"2016-11-17","1006.7"
"1146",18,"2016-11-17","1007.1"
"1147",19,"2016-11-17","1007.4"
"1148",20,"2016-11-17","1007.6"
"1149",21,"2016-11-17","1007.8"
"1150",22,"2016-11-17","1007.9"
"1151",23,"2016-11-17","1007.8"
"1152",24,"2016-11-17","1007.5"
"1153",1,"2016-11-18","1007.1"
"1154",2,"2016-11-18","1007.0"
"1155",3,"2016-11-18","1006.4"
"1156",4,"2016-11-18","1006.4"
"1157",5,"2016-11-18","1006.2"
"1158",6,"2016-11-18","1006.3"
"1159",7,"2016-11-18","1006.7"
"1160",8,"2016-11-18","1007.0"
"1161",9,"2016-11-18","1007.1"
"1162",10,"2016-11-18","1007.0"
"1163",11,"2016-11-18","1006.6"
"1164",12,"2016-11-18","1006.1"
"1165",13,"2016-11-18","1005.3"
"1166",14,"2016-11-18","1004.8"
"1167",15,"2016-11-18","1004.6"
"1168",16,"2016-11-18","1004.6"
"1169",17,"2016-11-18","X"
"1170",18,"2016-11-18","X"
"1171",19,"2016-11-18","X"
"1172",20,"2016-11-18","X"
"1173",21,"2016-11-18","1006.1"
"1174",22,"2016-11-18","1005.9"
"1175",23,"2016-11-18","1005.6"
"1176",24,"2016-11-18","1005.5"
"1177",1,"2016-11-19","1005.3"
"1178",2,"2016-11-19","1005.2"
"1179",3,"2016-11-19","1005.2"
"1180",4,"2016-11-19","1005.2"
"1181",5,"2016-11-19","1005.5"
"1182",6,"2016-11-19","1006.0"
"1183",7,"2016-11-19","1006.5"
"1184",8,"2016-11-19","1007.0"
"1185",9,"2016-11-19","1007.5"
"1186",10,"2016-11-19","1007.0"
"1187",11,"2016-11-19","1006.2"
"1188",12,"2016-11-19","1005.6"
"1189",13,"2016-11-19","1004.6"
"1190",14,"2016-11-19","1004.3"
"1191",15,"2016-11-19","1004.0"
"1192",16,"2016-11-19","1003.6"
"1193",17,"2016-11-19","1004.4"
"1194",18,"2016-11-19","1004.8"
"1195",19,"2016-11-19","1005.2"
"1196",20,"2016-11-19","1005.4"
"1197",21,"2016-11-19","1005.6"
"1198",22,"2016-11-19","1005.5"
"1199",23,"2016-11-19","1005.0"
"1200",24,"2016-11-19","1005.0"
"1201",1,"2016-11-20","1004.9"
"1202",2,"2016-11-20","1004.7"
"1203",3,"2016-11-20","1004.7"
"1204",4,"2016-11-20","1005.1"
"1205",5,"2016-11-20","1005.5"
"1206",6,"2016-11-20","1006.1"
"1207",7,"2016-11-20","1006.7"
"1208",8,"2016-11-20","1007.0"
"1209",9,"2016-11-20","1007.2"
"1210",10,"2016-11-20","1006.7"
"1211",11,"2016-11-20","X"
"1212",12,"2016-11-20","1005.5"
"1213",13,"2016-11-20","1004.7"
"1214",14,"2016-11-20","1003.8"
"1215",15,"2016-11-20","1003.5"
"1216",16,"2016-11-20","1003.3"
"1217",17,"2016-11-20","1003.6"
"1218",18,"2016-11-20","1004.1"
"1219",19,"2016-11-20","1004.4"
"1220",20,"2016-11-20","1004.5"
"1221",21,"2016-11-20","1004.8"
"1222",22,"2016-11-20","1004.7"
"1223",23,"2016-11-20","1004.3"
"1224",24,"2016-11-20","1004.1"
"1225",1,"2016-11-21","1004.1"
"1226",2,"2016-11-21","1004.1"
"1227",3,"2016-11-21","1004.3"
"1228",4,"2016-11-21","1004.3"
"1229",5,"2016-11-21","1004.3"
"1230",6,"2016-11-21","1004.8"
"1231",7,"2016-11-21","1005.2"
"1232",8,"2016-11-21","1006.1"
"1233",9,"2016-11-21","1006.5"
"1234",10,"2016-11-21","1006.4"
"1235",11,"2016-11-21","1005.9"
"1236",12,"2016-11-21","1004.7"
"1237",13,"2016-11-21","1003.8"
"1238",14,"2016-11-21","1003.2"
"1239",15,"2016-11-21","1002.9"
"1240",16,"2016-11-21","1003.2"
"1241",17,"2016-11-21","1003.7"
"1242",18,"2016-11-21","1004.2"
"1243",19,"2016-11-21","1004.9"
"1244",20,"2016-11-21","1005.3"
"1245",21,"2016-11-21","1005.2"
"1246",22,"2016-11-21","1005.0"
"1247",23,"2016-11-21","1004.8"
"1248",24,"2016-11-21","1004.0"
"1249",1,"2016-11-22","1003.4"
"1250",2,"2016-11-22","1003.3"
"1251",3,"2016-11-22","1003.5"
"1252",4,"2016-11-22","1004.6"
"1253",5,"2016-11-22","1004.8"
"1254",6,"2016-11-22","1005.1"
"1255",7,"2016-11-22","1005.4"
"1256",8,"2016-11-22","1005.6"
"1257",9,"2016-11-22","1006.0"
"1258",10,"2016-11-22","1006.1"
"1259",11,"2016-11-22","1005.7"
"1260",12,"2016-11-22","1005.1"
"1261",13,"2016-11-22","1004.3"
"1262",14,"2016-11-22","1003.7"
"1263",15,"2016-11-22","1003.6"
"1264",16,"2016-11-22","1003.7"
"1265",17,"2016-11-22","1004.4"
"1266",18,"2016-11-22","1005.0"
"1267",19,"2016-11-22","1005.5"
"1268",20,"2016-11-22","1006.0"
"1269",21,"2016-11-22","1006.1"
"1270",22,"2016-11-22","1006.0"
"1271",23,"2016-11-22","1005.9"
"1272",24,"2016-11-22","X"
"1273",1,"2016-11-23","1005.8"
"1274",2,"2016-11-23","1005.7"
"1275",3,"2016-11-23","1005.2"
"1276",4,"2016-11-23","1004.8"
"1277",5,"2016-11-23","1005.1"
"1278",6,"2016-11-23","1006.0"
"1279",7,"2016-11-23","1006.5"
"1280",8,"2016-11-23","1007.2"
"1281",9,"2016-11-23","1007.8"
"1282",10,"2016-11-23","1008.2"
"1283",11,"2016-11-23","1007.9"
"1284",12,"2016-11-23","1007.3"
"1285",13,"2016-11-23","1006.3"
"1286",14,"2016-11-23","1005.5"
"1287",15,"2016-11-23","1005.1"
"1288",16,"2016-11-23","X"
"1289",17,"2016-11-23","1006.3"
"1290",18,"2016-11-23","1006.9"
"1291",19,"2016-11-23","1007.8"
"1292",20,"2016-11-23","1008.1"
"1293",21,"2016-11-23","1008.8"
"1294",22,"2016-11-23","1009.0"
"1295",23,"2016-11-23","1008.7"
"1296",24,"2016-11-23","1008.5"
"1297",1,"2016-11-24","1008.5"
"1298",2,"2016-11-24","1008.1"
"1299",3,"2016-11-24","1008.1"
"1300",4,"2016-11-24","1007.8"
"1301",5,"2016-11-24","1007.6"
"1302",6,"2016-11-24","1008.0"
"1303",7,"2016-11-24","1008.5"
"1304",8,"2016-11-24","1009.0"
"1305",9,"2016-11-24","1009.3"
"1306",10,"2016-11-24","1009.0"
"1307",11,"2016-11-24","1008.5"
"1308",12,"2016-11-24","1007.5"
"1309",13,"2016-11-24","1006.8"
"1310",14,"2016-11-24","1006.1"
"1311",15,"2016-11-24","1005.7"
"1312",16,"2016-11-24","1005.7"
"1313",17,"2016-11-24","1006.0"
"1314",18,"2016-11-24","1006.4"
"1315",19,"2016-11-24","1007.1"
"1316",20,"2016-11-24","1007.6"
"1317",21,"2016-11-24","1007.9"
"1318",22,"2016-11-24","1008.4"
"1319",23,"2016-11-24","1008.4"
"1320",24,"2016-11-24","1007.8"
"1321",1,"2016-11-25","1007.6"
"1322",2,"2016-11-25","X"
"1323",3,"2016-11-25","1007.1"
"1324",4,"2016-11-25","1007.1"
"1325",5,"2016-11-25","1007.1"
"1326",6,"2016-11-25","1007.3"
"1327",7,"2016-11-25","1007.6"
"1328",8,"2016-11-25","1008.3"
"1329",9,"2016-11-25","1008.9"
"1330",10,"2016-11-25","1008.7"
"1331",11,"2016-11-25","1007.8"
"1332",12,"2016-11-25","1006.6"
"1333",13,"2016-11-25","1005.5"
"1334",14,"2016-11-25","1005.1"
"1335",15,"2016-11-25","1004.6"
"1336",16,"2016-11-25","1004.9"
"1337",17,"2016-11-25","1005.7"
"1338",18,"2016-11-25","1006.3"
"1339",19,"2016-11-25","1007.0"
"1340",20,"2016-11-25","1007.4"
"1341",21,"2016-11-25","1007.5"
"1342",22,"2016-11-25","1007.7"
"1343",23,"2016-11-25","1007.3"
"1344",24,"2016-11-25","1007.1"
"1345",1,"2016-11-26","1006.7"
"1346",2,"2016-11-26","1006.1"
"1347",3,"2016-11-26","1005.4"
"1348",4,"2016-11-26","1005.0"
"1349",5,"2016-11-26","1004.9"
"1350",6,"2016-11-26","1005.4"
"1351",7,"2016-11-26","1005.8"
"1352",8,"2016-11-26","1006.9"
"1353",9,"2016-11-26","1007.3"
"1354",10,"2016-11-26","1007.1"
"1355",11,"2016-11-26","1006.6"
"1356",12,"2016-11-26","1005.9"
"1357",13,"2016-11-26","1005.1"
"1358",14,"2016-11-26","1004.4"
"1359",15,"2016-11-26","1004.2"
"1360",16,"2016-11-26","1004.2"
"1361",17,"2016-11-26","1004.6"
"1362",18,"2016-11-26","1005.3"
"1363",19,"2016-11-26","1005.8"
"1364",20,"2016-11-26","1006.1"
"1365",21,"2016-11-26","1006.6"
"1366",22,"2016-11-26","1006.6"
"1367",23,"2016-11-26","1006.3"
"1368",24,"2016-11-26","1005.7"
"1369",1,"2016-11-27","1005.1"
"1370",2,"2016-11-27","1004.6"
"1371",3,"2016-11-27","1004.0"
"1372",4,"2016-11-27","1004.3"
"1373",5,"2016-11-27","1004.7"
"1374",6,"2016-11-27","1004.7"
"1375",7,"2016-11-27","1004.9"
"1376",8,"2016-11-27","1006.2"
"1377",9,"2016-11-27","1006.8"
"1378",10,"2016-11-27","1007.1"
"1379",11,"2016-11-27","1006.4"
"1380",12,"2016-11-27","1006.2"
"1381",13,"2016-11-27","1005.2"
"1382",14,"2016-11-27","1004.7"
"1383",15,"2016-11-27","X"
"1384",16,"2016-11-27","1004.5"
"1385",17,"2016-11-27","1005.3"
"1386",18,"2016-11-27","1006.5"
"1387",19,"2016-11-27","1007.0"
"1388",20,"2016-11-27","1007.3"
"1389",21,"2016-11-27","X"
"1390",22,"2016-11-27","1007.7"
"1391",23,"2016-11-27","1007.5"
"1392",24,"2016-11-27","1007.4"
"1393",1,"2016-11-28","1007.5"
"1394",2,"2016-11-28","1007.2"
"1395",3,"2016-11-28","1006.9"
"1396",4,"2016-11-28","1007.2"
"1397",5,"2016-11-28","1007.6"
"1398",6,"2016-11-28","1008.3"
"1399",7,"2016-11-28","1009.2"
"1400",8,"2016-11-28","1010.0"
"1401",9,"2016-11-28","1010.5"
"1402",10,"2016-11-28","1010.4"
"1403",11,"2016-11-28","1009.9"
"1404",12,"2016-11-28","1009.5"
"1405",13,"2016-11-28","1009.0"
"1406",14,"2016-11-28","1008.7"
"1407",15,"2016-11-28","1008.6"
"1408",16,"2016-11-28","1008.8"
"1409",17,"2016-11-28","1009.5"
"1410",18,"2016-11-28","1010.0"
"1411",19,"2016-11-28","1010.4"
"1412",20,"2016-11-28","1011.0"
"1413",21,"2016-11-28","1011.3"
"1414",22,"2016-11-28","1011.6"
"1415",23,"2016-11-28","1011.7"
"1416",24,"2016-11-28","1011.4"
"1417",1,"2016-11-29","1011.1"
"1418",2,"2016-11-29","1010.8"
"1419",3,"2016-11-29","1010.6"
"1420",4,"2016-11-29","X"
"1421",5,"2016-11-29","1011.1"
"1422",6,"2016-11-29","1011.9"
"1423",7,"2016-11-29","1012.6"
"1424",8,"2016-11-29","1013.1"
"1425",9,"2016-11-29","1013.4"
"1426",10,"2016-11-29","1013.5"
"1427",11,"2016-11-29","1013.1"
"1428",12,"2016-11-29","1012.6"
"1429",13,"2016-11-29","1011.5"
"1430",14,"2016-11-29","1011.1"
"1431",15,"2016-11-29","1010.7"
"1432",16,"2016-11-29","1010.7"
"1433",17,"2016-11-29","1011.4"
"1434",18,"2016-11-29","1011.9"
"1435",19,"2016-11-29","1012.5"
"1436",20,"2016-11-29","X"
"1437",21,"2016-11-29","1013.1"
"1438",22,"2016-11-29","1013.0"
"1439",23,"2016-11-29","1013.3"
"1440",24,"2016-11-29","1013.0"
"1441",1,"2016-11-30","X"
"1442",2,"2016-11-30","1012.8"
"1443",3,"2016-11-30","1012.4"
"1444",4,"2016-11-30","1012.5"
"1445",5,"2016-11-30","1012.3"
"1446",6,"2016-11-30","1012.7"
"1447",7,"2016-11-30","1013.1"
"1448",8,"2016-11-30","1012.7"
"1449",9,"2016-11-30","1012.9"
"1450",10,"2016-11-30","1012.6"
"1451",11,"2016-11-30","1012.0"
"1452",12,"2016-11-30","1011.5"
"1453",13,"2016-11-30","1010.7"
"1454",14,"2016-11-30","1010.2"
"1455",15,"2016-11-30","1010.2"
"1456",16,"2016-11-30","1010.3"
"1457",17,"2016-11-30","1010.5"
"1458",18,"2016-11-30","1010.9"
"1459",19,"2016-11-30","1011.4"
"1460",20,"2016-11-30","1012.4"
"1461",21,"2016-11-30","1012.8"
"1462",22,"2016-11-30","1012.4"
"1463",23,"2016-11-30","1012.4"
"1464",24,"2016-11-30","1012.4"
"1465",1,"2016-12-01","1012.4"
"1466",2,"2016-12-01","1011.7"
"1467",3,"2016-12-01","1011.0"
"1468",4,"2016-12-01","1011.0"
"1469",5,"2016-12-01","1010.9"
"1470",6,"2016-12-01","X"
"1471",7,"2016-12-01","1011.7"
"1472",8,"2016-12-01","1012.2"
"1473",9,"2016-12-01","1012.8"
"1474",10,"2016-12-01","1012.7"
"1475",11,"2016-12-01","1012.1"
"1476",12,"2016-12-01","1010.9"
"1477",13,"2016-12-01","1010.0"
"1478",14,"2016-12-01","1009.4"
"1479",15,"2016-12-01","1009.0"
"1480",16,"2016-12-01","1009.3"
"1481",17,"2016-12-01","1010.1"
"1482",18,"2016-12-01","1010.8"
"1483",19,"2016-12-01","1011.5"
"1484",20,"2016-12-01","1011.8"
"1485",21,"2016-12-01","1012.1"
"1486",22,"2016-12-01","1012.3"
"1487",23,"2016-12-01","1012.4"
"1488",24,"2016-12-01","1012.4"
"1489",1,"2016-12-02","1011.9"
"1490",2,"2016-12-02","1011.7"
"1491",3,"2016-12-02","1011.8"
"1492",4,"2016-12-02","1011.6"
"1493",5,"2016-12-02","1011.9"
"1494",6,"2016-12-02","1012.4"
"1495",7,"2016-12-02","1012.9"
"1496",8,"2016-12-02","1013.3"
"1497",9,"2016-12-02","1013.5"
"1498",10,"2016-12-02","1013.4"
"1499",11,"2016-12-02","1012.8"
"1500",12,"2016-12-02","1012.2"
"1501",13,"2016-12-02","X"
"1502",14,"2016-12-02","1010.6"
"1503",15,"2016-12-02","1009.9"
"1504",16,"2016-12-02","1010.2"
"1505",17,"2016-12-02","1010.6"
"1506",18,"2016-12-02","1011.2"
"1507",19,"2016-12-02","1011.9"
"1508",20,"2016-12-02","1011.9"
"1509",21,"2016-12-02","1011.9"
"1510",22,"2016-12-02","1011.9"
"1511",23,"2016-12-02","1011.8"
"1512",24,"2016-12-02","1011.6"
"1513",1,"2016-12-03","1011.0"
"1514",2,"2016-12-03","1010.8"
"1515",3,"2016-12-03","1010.5"
"1516",4,"2016-12-03","1010.5"
"1517",5,"2016-12-03","X"
"1518",6,"2016-12-03","1011.2"
"1519",7,"2016-12-03","1011.7"
"1520",8,"2016-12-03","1012.5"
"1521",9,"2016-12-03","1012.9"
"1522",10,"2016-12-03","1012.7"
"1523",11,"2016-12-03","1012.1"
"1524",12,"2016-12-03","1011.2"
"1525",13,"2016-12-03","1010.1"
"1526",14,"2016-12-03","1009.3"
"1527",15,"2016-12-03","1008.7"
"1528",16,"2016-12-03","1008.7"
"1529",17,"2016-12-03","1008.8"
"1530",18,"2016-12-03","1009.4"
"1531",19,"2016-12-03","1009.9"
"1532",20,"2016-12-03","1010.0"
"1533",21,"2016-12-03","1010.1"
"1534",22,"2016-12-03","1010.2"
"1535",23,"2016-12-03","1010.1"
"1536",24,"2016-12-03","1010.1"
"1537",1,"2016-12-04","1009.8"
"1538",2,"2016-12-04","1009.1"
"1539",3,"2016-12-04","1008.6"
"1540",4,"2016-12-04","1008.5"
"1541",5,"2016-12-04","1008.7"
"1542",6,"2016-12-04","1008.9"
"1543",7,"2016-12-04","1009.4"
"1544",8,"2016-12-04","1009.9"
"1545",9,"2016-12-04","1010.0"
"1546",10,"2016-12-04","1009.6"
"1547",11,"2016-12-04","1008.9"
"1548",12,"2016-12-04","1008.1"
"1549",13,"2016-12-04","1007.1"
"1550",14,"2016-12-04","1006.1"
"1551",15,"2016-12-04","1005.7"
"1552",16,"2016-12-04","1006.3"
"1553",17,"2016-12-04","1006.9"
"1554",18,"2016-12-04","1007.3"
"1555",19,"2016-12-04","1007.9"
"1556",20,"2016-12-04","1008.0"
"1557",21,"2016-12-04","1008.0"
"1558",22,"2016-12-04","1008.6"
"1559",23,"2016-12-04","1008.8"
"1560",24,"2016-12-04","1008.3"
"1561",1,"2016-12-05","1007.9"
"1562",2,"2016-12-05","1007.4"
"1563",3,"2016-12-05","1007.0"
"1564",4,"2016-12-05","1006.7"
"1565",5,"2016-12-05","1007.1"
"1566",6,"2016-12-05","1007.7"
"1567",7,"2016-12-05","1008.0"
"1568",8,"2016-12-05","1008.6"
"1569",9,"2016-12-05","1008.7"
"1570",10,"2016-12-05","1008.8"
"1571",11,"2016-12-05","1008.2"
"1572",12,"2016-12-05","1007.5"
"1573",13,"2016-12-05","1006.5"
"1574",14,"2016-12-05","1005.9"
"1575",15,"2016-12-05","1006.0"
"1576",16,"2016-12-05","1006.7"
"1577",17,"2016-12-05","1007.2"
"1578",18,"2016-12-05","1008.0"
"1579",19,"2016-12-05","1008.8"
"1580",20,"2016-12-05","1009.5"
"1581",21,"2016-12-05","1010.1"
"1582",22,"2016-12-05","1010.3"
"1583",23,"2016-12-05","1010.5"
"1584",24,"2016-12-05","1010.5"
"1585",1,"2016-12-06","1010.0"
"1586",2,"2016-12-06","1009.7"
"1587",3,"2016-12-06","1009.6"
"1588",4,"2016-12-06","1009.5"
"1589",5,"2016-12-06","1009.4"
"1590",6,"2016-12-06","1009.8"
"1591",7,"2016-12-06","1010.2"
"1592",8,"2016-12-06","1010.8"
"1593",9,"2016-12-06","1011.2"
"1594",10,"2016-12-06","1011.0"
"1595",11,"2016-12-06","1010.4"
"1596",12,"2016-12-06","1009.2"
"1597",13,"2016-12-06","1008.3"
"1598",14,"2016-12-06","1007.9"
"1599",15,"2016-12-06","1007.7"
"1600",16,"2016-12-06","1008.0"
"1601",17,"2016-12-06","1008.4"
"1602",18,"2016-12-06","1008.8"
"1603",19,"2016-12-06","1009.7"
"1604",20,"2016-12-06","1010.2"
"1605",21,"2016-12-06","1010.3"
"1606",22,"2016-12-06","1010.5"
"1607",23,"2016-12-06","1010.5"
"1608",24,"2016-12-06","1010.1"
"1609",1,"2016-12-07","1010.0"
"1610",2,"2016-12-07","1009.5"
"1611",3,"2016-12-07","1009.6"
"1612",4,"2016-12-07","1009.0"
"1613",5,"2016-12-07","X"
"1614",6,"2016-12-07","1009.1"
"1615",7,"2016-12-07","1009.9"
"1616",8,"2016-12-07","1010.2"
"1617",9,"2016-12-07","1010.3"
"1618",10,"2016-12-07","1009.9"
"1619",11,"2016-12-07","1009.1"
"1620",12,"2016-12-07","1008.2"
"1621",13,"2016-12-07","1007.2"
"1622",14,"2016-12-07","1006.6"
"1623",15,"2016-12-07","1006.2"
"1624",16,"2016-12-07","1006.4"
"1625",17,"2016-12-07","1006.7"
"1626",18,"2016-12-07","1007.7"
"1627",19,"2016-12-07","1008.3"
"1628",20,"2016-12-07","1008.6"
"1629",21,"2016-12-07","1008.4"
"1630",22,"2016-12-07","1008.4"
"1631",23,"2016-12-07","1008.0"
"1632",24,"2016-12-07","1007.6"
"1633",1,"2016-12-08","1007.2"
"1634",2,"2016-12-08","1007.1"
"1635",3,"2016-12-08","1006.7"
"1636",4,"2016-12-08","1006.2"
"1637",5,"2016-12-08","1006.6"
"1638",6,"2016-12-08","1006.9"
"1639",7,"2016-12-08","1007.3"
"1640",8,"2016-12-08","1007.4"
"1641",9,"2016-12-08","1007.6"
"1642",10,"2016-12-08","1007.6"
"1643",11,"2016-12-08","1006.8"
"1644",12,"2016-12-08","1005.6"
"1645",13,"2016-12-08","1004.0"
"1646",14,"2016-12-08","1003.5"
"1647",15,"2016-12-08","1003.0"
"1648",16,"2016-12-08","1003.2"
"1649",17,"2016-12-08","X"
"1650",18,"2016-12-08","1004.9"
"1651",19,"2016-12-08","1005.3"
"1652",20,"2016-12-08","1005.6"
"1653",21,"2016-12-08","1006.0"
"1654",22,"2016-12-08","1006.5"
"1655",23,"2016-12-08","1006.2"
"1656",24,"2016-12-08","1005.9"
"1657",1,"2016-12-09","1005.8"
"1658",2,"2016-12-09","1005.4"
"1659",3,"2016-12-09","1005.0"
"1660",4,"2016-12-09","1004.7"
"1661",5,"2016-12-09","1004.8"
"1662",6,"2016-12-09","1005.0"
"1663",7,"2016-12-09","1005.7"
"1664",8,"2016-12-09","1006.3"
"1665",9,"2016-12-09","1006.5"
"1666",10,"2016-12-09","1006.5"
"1667",11,"2016-12-09","1005.6"
"1668",12,"2016-12-09","1004.7"
"1669",13,"2016-12-09","1003.7"
"1670",14,"2016-12-09","1002.9"
"1671",15,"2016-12-09","1002.7"
"1672",16,"2016-12-09","1003.0"
"1673",17,"2016-12-09","1003.6"
"1674",18,"2016-12-09","1004.2"
"1675",19,"2016-12-09","1004.8"
"1676",20,"2016-12-09","1005.0"
"1677",21,"2016-12-09","1005.4"
"1678",22,"2016-12-09","1005.7"
"1679",23,"2016-12-09","1005.6"
"1680",24,"2016-12-09","1005.5"
"1681",1,"2016-12-10","1005.5"
"1682",2,"2016-12-10","1005.6"
"1683",3,"2016-12-10","1005.5"
"1684",4,"2016-12-10","1005.7"
"1685",5,"2016-12-10","1005.9"
"1686",6,"2016-12-10","1006.5"
"1687",7,"2016-12-10","1007.0"
"1688",8,"2016-12-10","1007.8"
"1689",9,"2016-12-10","1008.5"
"1690",10,"2016-12-10","1008.2"
"1691",11,"2016-12-10","1007.4"
"1692",12,"2016-12-10","1006.6"
"1693",13,"2016-12-10","1005.7"
"1694",14,"2016-12-10","1005.2"
"1695",15,"2016-12-10","1004.9"
"1696",16,"2016-12-10","1005.0"
"1697",17,"2016-12-10","1005.4"
"1698",18,"2016-12-10","1005.9"
"1699",19,"2016-12-10","1006.4"
"1700",20,"2016-12-10","1006.9"
"1701",21,"2016-12-10","1007.0"
"1702",22,"2016-12-10","1007.0"
"1703",23,"2016-12-10","1006.7"
"1704",24,"2016-12-10","1006.8"
"1705",1,"2016-12-11","1006.9"
"1706",2,"2016-12-11","1006.9"
"1707",3,"2016-12-11","1006.9"
"1708",4,"2016-12-11","1006.8"
"1709",5,"2016-12-11","1006.9"
"1710",6,"2016-12-11","1007.7"
"1711",7,"2016-12-11","1008.2"
"1712",8,"2016-12-11","1008.6"
"1713",9,"2016-12-11","1008.9"
"1714",10,"2016-12-11","1008.6"
"1715",11,"2016-12-11","1008.0"
"1716",12,"2016-12-11","1007.1"
"1717",13,"2016-12-11","1006.2"
"1718",14,"2016-12-11","1005.6"
"1719",15,"2016-12-11","1005.1"
"1720",16,"2016-12-11","1005.4"
"1721",17,"2016-12-11","1005.6"
"1722",18,"2016-12-11","1005.8"
"1723",19,"2016-12-11","1006.2"
"1724",20,"2016-12-11","1006.5"
"1725",21,"2016-12-11","1006.7"
"1726",22,"2016-12-11","1007.0"
"1727",23,"2016-12-11","1007.2"
"1728",24,"2016-12-11","1007.1"
"1729",1,"2016-12-12","1007.1"
"1730",2,"2016-12-12","1006.8"
"1731",3,"2016-12-12","1006.8"
"1732",4,"2016-12-12","X"
"1733",5,"2016-12-12","1007.1"
"1734",6,"2016-12-12","1007.5"
"1735",7,"2016-12-12","X"
"1736",8,"2016-12-12","1008.4"
"1737",9,"2016-12-12","1009.0"
"1738",10,"2016-12-12","1008.7"
"1739",11,"2016-12-12","1007.9"
"1740",12,"2016-12-12","1007.0"
"1741",13,"2016-12-12","1005.6"
"1742",14,"2016-12-12","1005.1"
"1743",15,"2016-12-12","1004.9"
"1744",16,"2016-12-12","1005.3"
"1745",17,"2016-12-12","1005.5"
"1746",18,"2016-12-12","1005.7"
"1747",19,"2016-12-12","1006.2"
"1748",20,"2016-12-12","X"
"1749",21,"2016-12-12","1006.6"
"1750",22,"2016-12-12","1006.7"
"1751",23,"2016-12-12","1007.3"
"1752",24,"2016-12-12","1007.3"
"1753",1,"2016-12-13","1006.8"
"1754",2,"2016-12-13","1006.3"
"1755",3,"2016-12-13","1005.9"
"1756",4,"2016-12-13","1005.7"
"1757",5,"2016-12-13","1005.4"
"1758",6,"2016-12-13","1005.5"
"1759",7,"2016-12-13","1006.1"
"1760",8,"2016-12-13","1006.6"
"1761",9,"2016-12-13","1006.8"
"1762",10,"2016-12-13","1006.5"
"1763",11,"2016-12-13","1005.8"
"1764",12,"2016-12-13","1004.8"
"1765",13,"2016-12-13","1003.8"
"1766",14,"2016-12-13","1003.2"
"1767",15,"2016-12-13","1003.1"
"1768",16,"2016-12-13","1003.2"
"1769",17,"2016-12-13","1003.9"
"1770",18,"2016-12-13","1004.7"
"1771",19,"2016-12-13","1005.3"
"1772",20,"2016-12-13","1005.9"
"1773",21,"2016-12-13","1006.3"
"1774",22,"2016-12-13","1006.6"
"1775",23,"2016-12-13","1006.9"
"1776",24,"2016-12-13","1007.0"
"1777",1,"2016-12-14","1007.1"
"1778",2,"2016-12-14","1007.3"
"1779",3,"2016-12-14","1006.9"
"1780",4,"2016-12-14","1007.3"
"1781",5,"2016-12-14","1007.7"
"1782",6,"2016-12-14","1008.0"
"1783",7,"2016-12-14","1008.4"
"1784",8,"2016-12-14","1008.9"
"1785",9,"2016-12-14","1009.1"
"1786",10,"2016-12-14","1009.3"
"1787",11,"2016-12-14","1008.5"
"1788",12,"2016-12-14","1007.7"
"1789",13,"2016-12-14","1006.8"
"1790",14,"2016-12-14","1006.1"
"1791",15,"2016-12-14","1005.9"
"1792",16,"2016-12-14","1005.9"
"1793",17,"2016-12-14","1006.4"
"1794",18,"2016-12-14","1007.6"
"1795",19,"2016-12-14","1008.6"
"1796",20,"2016-12-14","1009.6"
"1797",21,"2016-12-14","1010.2"
"1798",22,"2016-12-14","1010.5"
"1799",23,"2016-12-14","1010.4"
"1800",24,"2016-12-14","1010.7"
"1801",1,"2016-12-15","1010.8"
"1802",2,"2016-12-15","1010.3"
"1803",3,"2016-12-15","1010.0"
"1804",4,"2016-12-15","1010.3"
"1805",5,"2016-12-15","1010.7"
"1806",6,"2016-12-15","1010.9"
"1807",7,"2016-12-15","1011.7"
"1808",8,"2016-12-15","1012.3"
"1809",9,"2016-12-15","1012.5"
"1810",10,"2016-12-15","1012.5"
"1811",11,"2016-12-15","1011.9"
"1812",12,"2016-12-15","1011.1"
"1813",13,"2016-12-15","1010.5"
"1814",14,"2016-12-15","1010.1"
"1815",15,"2016-12-15","1010.2"
"1816",16,"2016-12-15","1010.9"
"1817",17,"2016-12-15","1012.2"
"1818",18,"2016-12-15","1013.0"
"1819",19,"2016-12-15","X"
"1820",20,"2016-12-15","1014.3"
"1821",21,"2016-12-15","1014.6"
"1822",22,"2016-12-15","1014.6"
"1823",23,"2016-12-15","1014.4"
"1824",24,"2016-12-15","1014.3"
"1825",1,"2016-12-16","1014.1"
"1826",2,"2016-12-16","1013.8"
"1827",3,"2016-12-16","1013.8"
"1828",4,"2016-12-16","1013.7"
"1829",5,"2016-12-16","1013.8"
"1830",6,"2016-12-16","1014.4"
"1831",7,"2016-12-16","1014.9"
"1832",8,"2016-12-16","1015.5"
"1833",9,"2016-12-16","1015.9"
"1834",10,"2016-12-16","1016.0"
"1835",11,"2016-12-16","1015.5"
"1836",12,"2016-12-16","1014.6"
"1837",13,"2016-12-16","1013.5"
"1838",14,"2016-12-16","1013.0"
"1839",15,"2016-12-16","1012.7"
"1840",16,"2016-12-16","1012.8"
"1841",17,"2016-12-16","1013.4"
"1842",18,"2016-12-16","X"
"1843",19,"2016-12-16","1014.2"
"1844",20,"2016-12-16","1014.3"
"1845",21,"2016-12-16","1014.6"
"1846",22,"2016-12-16","1014.6"
"1847",23,"2016-12-16","1014.6"
"1848",24,"2016-12-16","1014.5"
"1849",1,"2016-12-17","1014.3"
"1850",2,"2016-12-17","1014.0"
"1851",3,"2016-12-17","1013.9"
"1852",4,"2016-12-17","1014.0"
"1853",5,"2016-12-17","1014.1"
"1854",6,"2016-12-17","1014.6"
"1855",7,"2016-12-17","1015.0"
"1856",8,"2016-12-17","1015.4"
"1857",9,"2016-12-17","1015.6"
"1858",10,"2016-12-17","1015.5"
"1859",11,"2016-12-17","1014.8"
"1860",12,"2016-12-17","1013.7"
"1861",13,"2016-12-17","1012.7"
"1862",14,"2016-12-17","1012.2"
"1863",15,"2016-12-17","1011.9"
"1864",16,"2016-12-17","1011.8"
"1865",17,"2016-12-17","1012.3"
"1866",18,"2016-12-17","1012.9"
"1867",19,"2016-12-17","1013.5"
"1868",20,"2016-12-17","1013.9"
"1869",21,"2016-12-17","1014.2"
"1870",22,"2016-12-17","1014.2"
"1871",23,"2016-12-17","1013.9"
"1872",24,"2016-12-17","1013.6"
"1873",1,"2016-12-18","1013.6"
"1874",2,"2016-12-18","1013.7"
"1875",3,"2016-12-18","1013.5"
"1876",4,"2016-12-18","1013.5"
"1877",5,"2016-12-18","1013.9"
"1878",6,"2016-12-18","1014.3"
"1879",7,"2016-12-18","1014.8"
"1880",8,"2016-12-18","1015.1"
"1881",9,"2016-12-18","1015.4"
"1882",10,"2016-12-18","1014.9"
"1883",11,"2016-12-18","1014.0"
"1884",12,"2016-12-18","1012.9"
"1885",13,"2016-12-18","1011.9"
"1886",14,"2016-12-18","1011.0"
"1887",15,"2016-12-18","1010.8"
"1888",16,"2016-12-18","1010.6"
"1889",17,"2016-12-18","X"
"1890",18,"2016-12-18","1011.1"
"1891",19,"2016-12-18","1011.7"
"1892",20,"2016-12-18","1012.1"
"1893",21,"2016-12-18","1012.4"
"1894",22,"2016-12-18","1012.6"
"1895",23,"2016-12-18","1012.3"
"1896",24,"2016-12-18","1011.6"
"1897",1,"2016-12-19","1011.5"
"1898",2,"2016-12-19","1011.2"
"1899",3,"2016-12-19","1010.5"
"1900",4,"2016-12-19","1010.8"
"1901",5,"2016-12-19","1010.8"
"1902",6,"2016-12-19","1010.9"
"1903",7,"2016-12-19","1011.5"
"1904",8,"2016-12-19","1011.9"
"1905",9,"2016-12-19","1012.1"
"1906",10,"2016-12-19","1011.7"
"1907",11,"2016-12-19","1010.8"
"1908",12,"2016-12-19","1009.7"
"1909",13,"2016-12-19","1008.7"
"1910",14,"2016-12-19","1007.6"
"1911",15,"2016-12-19","1007.1"
"1912",16,"2016-12-19","1007.2"
"1913",17,"2016-12-19","1007.4"
"1914",18,"2016-12-19","1007.6"
"1915",19,"2016-12-19","1008.3"
"1916",20,"2016-12-19","1009.2"
"1917",21,"2016-12-19","1009.3"
"1918",22,"2016-12-19","1009.4"
"1919",23,"2016-12-19","1009.4"
"1920",24,"2016-12-19","1009.0"
"1921",1,"2016-12-20","1008.6"
"1922",2,"2016-12-20","1008.5"
"1923",3,"2016-12-20","1008.4"
"1924",4,"2016-12-20","1008.5"
"1925",5,"2016-12-20","1008.4"
"1926",6,"2016-12-20","1008.8"
"1927",7,"2016-12-20","1009.5"
"1928",8,"2016-12-20","1010.0"
"1929",9,"2016-12-20","1010.4"
"1930",10,"2016-12-20","1010.3"
"1931",11,"2016-12-20","1009.3"
"1932",12,"2016-12-20","1008.2"
"1933",13,"2016-12-20","1007.1"
"1934",14,"2016-12-20","X"
"1935",15,"2016-12-20","1005.9"
"1936",16,"2016-12-20","1006.2"
"1937",17,"2016-12-20","1006.6"
"1938",18,"2016-12-20","1006.9"
"1939",19,"2016-12-20","1007.1"
"1940",20,"2016-12-20","1007.6"
"1941",21,"2016-12-20","1008.0"
"1942",22,"2016-12-20","1008.5"
"1943",23,"2016-12-20","1008.9"
"1944",24,"2016-12-20","1008.5"
"1945",1,"2016-12-21","1008.2"
"1946",2,"2016-12-21","1008.1"
"1947",3,"2016-12-21","1008.2"
"1948",4,"2016-12-21","1007.9"
"1949",5,"2016-12-21","1007.8"
"1950",6,"2016-12-21","1008.6"
"1951",7,"2016-12-21","1009.2"
"1952",8,"2016-12-21","1009.6"
"1953",9,"2016-12-21","1009.8"
"1954",10,"2016-12-21","1009.5"
"1955",11,"2016-12-21","1008.7"
"1956",12,"2016-12-21","1007.8"
"1957",13,"2016-12-21","1006.8"
"1958",14,"2016-12-21","1006.3"
"1959",15,"2016-12-21","1006.1"
"1960",16,"2016-12-21","1006.1"
"1961",17,"2016-12-21","1006.3"
"1962",18,"2016-12-21","1006.6"
"1963",19,"2016-12-21","1007.6"
"1964",20,"2016-12-21","1008.3"
"1965",21,"2016-12-21","1008.3"
"1966",22,"2016-12-21","1008.8"
"1967",23,"2016-12-21","1008.5"
"1968",24,"2016-12-21","1008.5"
"1969",1,"2016-12-22","1008.2"
"1970",2,"2016-12-22","1007.6"
"1971",3,"2016-12-22","1007.3"
"1972",4,"2016-12-22","1007.1"
"1973",5,"2016-12-22","1007.3"
"1974",6,"2016-12-22","1007.8"
"1975",7,"2016-12-22","1008.1"
"1976",8,"2016-12-22","1008.6"
"1977",9,"2016-12-22","1009.2"
"1978",10,"2016-12-22","1008.9"
"1979",11,"2016-12-22","1008.2"
"1980",12,"2016-12-22","1007.4"
"1981",13,"2016-12-22","1006.4"
"1982",14,"2016-12-22","1005.8"
"1983",15,"2016-12-22","1005.4"
"1984",16,"2016-12-22","1005.0"
"1985",17,"2016-12-22","1005.4"
"1986",18,"2016-12-22","1005.7"
"1987",19,"2016-12-22","1006.5"
"1988",20,"2016-12-22","1007.2"
"1989",21,"2016-12-22","1007.6"
"1990",22,"2016-12-22","1007.7"
"1991",23,"2016-12-22","1007.9"
"1992",24,"2016-12-22","1007.9"
"1993",1,"2016-12-23","1007.9"
"1994",2,"2016-12-23","1007.8"
"1995",3,"2016-12-23","1007.7"
"1996",4,"2016-12-23","1007.7"
"1997",5,"2016-12-23","1007.8"
"1998",6,"2016-12-23","1008.3"
"1999",7,"2016-12-23","X"
"2000",8,"2016-12-23","1010.2"
"2001",9,"2016-12-23","1010.7"
"2002",10,"2016-12-23","1010.4"
"2003",11,"2016-12-23","1009.6"
"2004",12,"2016-12-23","1008.6"
"2005",13,"2016-12-23","1007.8"
"2006",14,"2016-12-23","1007.2"
"2007",15,"2016-12-23","1006.9"
"2008",16,"2016-12-23","1007.0"
"2009",17,"2016-12-23","1007.6"
"2010",18,"2016-12-23","1008.1"
"2011",19,"2016-12-23","1008.6"
"2012",20,"2016-12-23","1009.1"
"2013",21,"2016-12-23","1009.5"
"2014",22,"2016-12-23","1009.7"
"2015",23,"2016-12-23","1009.8"
"2016",24,"2016-12-23","1009.9"
"2017",1,"2016-12-24","1009.9"
"2018",2,"2016-12-24","1009.8"
"2019",3,"2016-12-24","1009.4"
"2020",4,"2016-12-24","1009.4"
"2021",5,"2016-12-24","1009.8"
"2022",6,"2016-12-24","1010.4"
"2023",7,"2016-12-24","X"
"2024",8,"2016-12-24","1010.8"
"2025",9,"2016-12-24","1011.2"
"2026",10,"2016-12-24","1011.1"
"2027",11,"2016-12-24","1010.8"
"2028",12,"2016-12-24","1010.1"
"2029",13,"2016-12-24","1009.3"
"2030",14,"2016-12-24","1008.4"
"2031",15,"2016-12-24","1007.9"
"2032",16,"2016-12-24","1007.9"
"2033",17,"2016-12-24","1008.2"
"2034",18,"2016-12-24","1008.6"
"2035",19,"2016-12-24","1009.2"
"2036",20,"2016-12-24","1009.9"
"2037",21,"2016-12-24","1010.2"
"2038",22,"2016-12-24","1010.5"
"2039",23,"2016-12-24","1010.4"
"2040",24,"2016-12-24","1010.3"
"2041",1,"2016-12-25","1010.3"
"2042",2,"2016-12-25","1009.8"
"2043",3,"2016-12-25","1009.7"
"2044",4,"2016-12-25","1009.6"
"2045",5,"2016-12-25","1010.0"
"2046",6,"2016-12-25","1010.5"
"2047",7,"2016-12-25","1011.0"
"2048",8,"2016-12-25","1011.5"
"2049",9,"2016-12-25","1011.8"
"2050",10,"2016-12-25","1011.7"
"2051",11,"2016-12-25","1011.1"
"2052",12,"2016-12-25","1009.8"
"2053",13,"2016-12-25","1008.5"
"2054",14,"2016-12-25","1007.7"
"2055",15,"2016-12-25","1007.2"
"2056",16,"2016-12-25","X"
"2057",17,"2016-12-25","1008.0"
"2058",18,"2016-12-25","1008.3"
"2059",19,"2016-12-25","X"
"2060",20,"2016-12-25","1009.1"
"2061",21,"2016-12-25","1009.4"
"2062",22,"2016-12-25","1009.5"
"2063",23,"2016-12-25","1009.3"
"2064",24,"2016-12-25","1009.2"
"2065",1,"2016-12-26","1008.9"
"2066",2,"2016-12-26","1008.6"
"2067",3,"2016-12-26","1008.5"
"2068",4,"2016-12-26","1008.4"
"2069",5,"2016-12-26","1008.4"
"2070",6,"2016-12-26","1008.7"
"2071",7,"2016-12-26","1009.0"
"2072",8,"2016-12-26","1009.3"
"2073",9,"2016-12-26","1009.7"
"2074",10,"2016-12-26","1009.5"
"2075",11,"2016-12-26","1008.9"
"2076",12,"2016-12-26","1008.0"
"2077",13,"2016-12-26","1006.7"
"2078",14,"2016-12-26","1005.6"
"2079",15,"2016-12-26","1005.2"
"2080",16,"2016-12-26","1005.1"
"2081",17,"2016-12-26","1005.4"
"2082",18,"2016-12-26","1005.7"
"2083",19,"2016-12-26","1006.4"
"2084",20,"2016-12-26","1007.1"
"2085",21,"2016-12-26","1007.5"
"2086",22,"2016-12-26","1007.6"
"2087",23,"2016-12-26","1007.7"
"2088",24,"2016-12-26","1007.7"
"2089",1,"2016-12-27","1007.5"
"2090",2,"2016-12-27","1007.0"
"2091",3,"2016-12-27","1006.9"
"2092",4,"2016-12-27","X"
"2093",5,"2016-12-27","1006.8"
"2094",6,"2016-12-27","1007.1"
"2095",7,"2016-12-27","1007.4"
"2096",8,"2016-12-27","1007.7"
"2097",9,"2016-12-27","1008.2"
"2098",10,"2016-12-27","1008.7"
"2099",11,"2016-12-27","1008.4"
"2100",12,"2016-12-27","1007.9"
"2101",13,"2016-12-27","1007.1"
"2102",14,"2016-12-27","1006.6"
"2103",15,"2016-12-27","1006.6"
"2104",16,"2016-12-27","1006.8"
"2105",17,"2016-12-27","1007.4"
"2106",18,"2016-12-27","1008.1"
"2107",19,"2016-12-27","1008.7"
"2108",20,"2016-12-27","1009.2"
"2109",21,"2016-12-27","1009.6"
"2110",22,"2016-12-27","1009.6"
"2111",23,"2016-12-27","1010.2"
"2112",24,"2016-12-27","1010.0"
"2113",1,"2016-12-28","1010.3"
"2114",2,"2016-12-28","1010.1"
"2115",3,"2016-12-28","1009.7"
"2116",4,"2016-12-28","1009.4"
"2117",5,"2016-12-28","1009.6"
"2118",6,"2016-12-28","1010.3"
"2119",7,"2016-12-28","1011.1"
"2120",8,"2016-12-28","X"
"2121",9,"2016-12-28","1012.4"
"2122",10,"2016-12-28","1012.9"
"2123",11,"2016-12-28","1012.5"
"2124",12,"2016-12-28","1011.9"
"2125",13,"2016-12-28","1011.2"
"2126",14,"2016-12-28","1010.8"
"2127",15,"2016-12-28","1011.0"
"2128",16,"2016-12-28","1011.5"
"2129",17,"2016-12-28","1011.9"
"2130",18,"2016-12-28","1012.4"
"2131",19,"2016-12-28","1012.9"
"2132",20,"2016-12-28","1013.2"
"2133",21,"2016-12-28","1013.2"
"2134",22,"2016-12-28","1013.6"
"2135",23,"2016-12-28","1013.6"
"2136",24,"2016-12-28","1013.6"
"2137",1,"2016-12-29","1013.6"
"2138",2,"2016-12-29","1013.2"
"2139",3,"2016-12-29","1012.7"
"2140",4,"2016-12-29","1012.5"
"2141",5,"2016-12-29","1012.5"
"2142",6,"2016-12-29","1012.6"
"2143",7,"2016-12-29","1013.0"
"2144",8,"2016-12-29","1013.7"
"2145",9,"2016-12-29","X"
"2146",10,"2016-12-29","1014.7"
"2147",11,"2016-12-29","1014.7"
"2148",12,"2016-12-29","1014.1"
"2149",13,"2016-12-29","1013.2"
"2150",14,"2016-12-29","1012.2"
"2151",15,"2016-12-29","1011.5"
"2152",16,"2016-12-29","1011.4"
"2153",17,"2016-12-29","1011.4"
"2154",18,"2016-12-29","1011.7"
"2155",19,"2016-12-29","1012.5"
"2156",20,"2016-12-29","1013.0"
"2157",21,"2016-12-29","1013.6"
"2158",22,"2016-12-29","1014.0"
"2159",23,"2016-12-29","1014.2"
"2160",24,"2016-12-29","1014.1"
"2161",1,"2016-12-30","1013.9"
"2162",2,"2016-12-30","1013.3"
"2163",3,"2016-12-30","1012.7"
"2164",4,"2016-12-30","1012.4"
"2165",5,"2016-12-30","1013.1"
"2166",6,"2016-12-30","1013.1"
"2167",7,"2016-12-30","1013.9"
"2168",8,"2016-12-30","1014.5"
"2169",9,"2016-12-30","1015.1"
"2170",10,"2016-12-30","1015.1"
"2171",11,"2016-12-30","1014.8"
"2172",12,"2016-12-30","1014.1"
"2173",13,"2016-12-30","1013.6"
"2174",14,"2016-12-30","1012.9"
"2175",15,"2016-12-30","X"
"2176",16,"2016-12-30","1012.6"
"2177",17,"2016-12-30","1013.1"
"2178",18,"2016-12-30","1013.3"
"2179",19,"2016-12-30","1013.8"
"2180",20,"2016-12-30","1014.5"
"2181",21,"2016-12-30","1014.5"
"2182",22,"2016-12-30","1014.8"
"2183",23,"2016-12-30","1014.4"
"2184",24,"2016-12-30","1014.2"
"2185",1,"2016-12-31","1013.7"
"2186",2,"2016-12-31","1013.5"
"2187",3,"2016-12-31","1013.1"
"2188",4,"2016-12-31","1013.0"
"2189",5,"2016-12-31","1013.1"
"2190",6,"2016-12-31","1013.4"
"2191",7,"2016-12-31","1013.8"
"2192",8,"2016-12-31","1014.4"
"2193",9,"2016-12-31","1014.7"
"2194",10,"2016-12-31","1014.9"
"2195",11,"2016-12-31","1014.1"
"2196",12,"2016-12-31","1013.3"
"2197",13,"2016-12-31","1012.2"
"2198",14,"2016-12-31","1011.2"
"2199",15,"2016-12-31","1010.8"
"2200",16,"2016-12-31","1010.7"
"2201",17,"2016-12-31","1011.2"
"2202",18,"2016-12-31","1011.8"
"2203",19,"2016-12-31","1012.5"
"2204",20,"2016-12-31","1012.8"
"2205",21,"2016-12-31","1013.0"
"2206",22,"2016-12-31","1013.1"
"2207",23,"2016-12-31","1013.1"
"2208",24,"2016-12-31","1013.1"
"2209",1,"2017-01-01","1013.1"
"2210",2,"2017-01-01","1012.8"
"2211",3,"2017-01-01","1012.3"
"2212",4,"2017-01-01","1012.0"
"2213",5,"2017-01-01","1012.1"
"2214",6,"2017-01-01","1012.7"
"2215",7,"2017-01-01","1013.3"
"2216",8,"2017-01-01","1014.0"
"2217",9,"2017-01-01","1014.3"
"2218",10,"2017-01-01","1014.1"
"2219",11,"2017-01-01","1013.3"
"2220",12,"2017-01-01","1012.1"
"2221",13,"2017-01-01","1011.3"
"2222",14,"2017-01-01","1010.4"
"2223",15,"2017-01-01","1010.0"
"2224",16,"2017-01-01","1009.9"
"2225",17,"2017-01-01","1010.2"
"2226",18,"2017-01-01","1010.7"
"2227",19,"2017-01-01","1011.4"
"2228",20,"2017-01-01","1012.0"
"2229",21,"2017-01-01","1012.3"
"2230",22,"2017-01-01","1012.5"
"2231",23,"2017-01-01","1012.3"
"2232",24,"2017-01-01","1012.2"
"2233",1,"2017-01-02","1012.1"
"2234",2,"2017-01-02","1012.1"
"2235",3,"2017-01-02","1011.8"
"2236",4,"2017-01-02","1011.2"
"2237",5,"2017-01-02","1011.3"
"2238",6,"2017-01-02","1011.8"
"2239",7,"2017-01-02","1012.3"
"2240",8,"2017-01-02","1012.8"
"2241",9,"2017-01-02","1013.2"
"2242",10,"2017-01-02","1013.0"
"2243",11,"2017-01-02","1012.4"
"2244",12,"2017-01-02","1011.3"
"2245",13,"2017-01-02","1010.3"
"2246",14,"2017-01-02","1009.6"
"2247",15,"2017-01-02","1009.2"
"2248",16,"2017-01-02","1009.0"
"2249",17,"2017-01-02","1009.1"
"2250",18,"2017-01-02","1009.8"
"2251",19,"2017-01-02","X"
"2252",20,"2017-01-02","1010.8"
"2253",21,"2017-01-02","1011.1"
"2254",22,"2017-01-02","1011.2"
"2255",23,"2017-01-02","1011.3"
"2256",24,"2017-01-02","1011.1"
"2257",1,"2017-01-03","1011.0"
"2258",2,"2017-01-03","1010.8"
"2259",3,"2017-01-03","1010.7"
"2260",4,"2017-01-03","1010.6"
"2261",5,"2017-01-03","1010.8"
"2262",6,"2017-01-03","1010.8"
"2263",7,"2017-01-03","1011.3"
"2264",8,"2017-01-03","1011.8"
"2265",9,"2017-01-03","1012.3"
"2266",10,"2017-01-03","1012.6"
"2267",11,"2017-01-03","1011.9"
"2268",12,"2017-01-03","1010.5"
"2269",13,"2017-01-03","1009.2"
"2270",14,"2017-01-03","1008.8"
"2271",15,"2017-01-03","1008.4"
"2272",16,"2017-01-03","1008.7"
"2273",17,"2017-01-03","1009.1"
"2274",18,"2017-01-03","1009.6"
"2275",19,"2017-01-03","1010.1"
"2276",20,"2017-01-03","1010.6"
"2277",21,"2017-01-03","1010.8"
"2278",22,"2017-01-03","1010.8"
"2279",23,"2017-01-03","1010.5"
"2280",24,"2017-01-03","1010.3"
"2281",1,"2017-01-04","1010.0"
"2282",2,"2017-01-04","1009.8"
"2283",3,"2017-01-04","1009.6"
"2284",4,"2017-01-04","1009.5"
"2285",5,"2017-01-04","1009.7"
"2286",6,"2017-01-04","1010.1"
"2287",7,"2017-01-04","1010.3"
"2288",8,"2017-01-04","1010.9"
"2289",9,"2017-01-04","1011.4"
"2290",10,"2017-01-04","1011.3"
"2291",11,"2017-01-04","1010.5"
"2292",12,"2017-01-04","1009.4"
"2293",13,"2017-01-04","1008.2"
"2294",14,"2017-01-04","1007.5"
"2295",15,"2017-01-04","1007.2"
"2296",16,"2017-01-04","1007.4"
"2297",17,"2017-01-04","1008.0"
"2298",18,"2017-01-04","1008.4"
"2299",19,"2017-01-04","1009.0"
"2300",20,"2017-01-04","1009.2"
"2301",21,"2017-01-04","1009.1"
"2302",22,"2017-01-04","1009.2"
"2303",23,"2017-01-04","1009.3"
"2304",24,"2017-01-04","1009.1"
"2305",1,"2017-01-05","1009.1"
"2306",2,"2017-01-05","1008.8"
"2307",3,"2017-01-05","1008.7"
"2308",4,"2017-01-05","1008.4"
"2309",5,"2017-01-05","1008.4"
"2310",6,"2017-01-05","1008.5"
"2311",7,"2017-01-05","1009.1"
"2312",8,"2017-01-05","1009.4"
"2313",9,"2017-01-05","1009.6"
"2314",10,"2017-01-05","1009.8"
"2315",11,"2017-01-05","1009.5"
"2316",12,"2017-01-05","1008.4"
"2317",13,"2017-01-05","1007.4"
"2318",14,"2017-01-05","1006.6"
"2319",15,"2017-01-05","1005.9"
"2320",16,"2017-01-05","1005.9"
"2321",17,"2017-01-05","1006.5"
"2322",18,"2017-01-05","1007.1"
"2323",19,"2017-01-05","1007.8"
"2324",20,"2017-01-05","1008.2"
"2325",21,"2017-01-05","1008.8"
"2326",22,"2017-01-05","1009.1"
"2327",23,"2017-01-05","1008.8"
"2328",24,"2017-01-05","1008.3"
"2329",1,"2017-01-06","1008.4"
"2330",2,"2017-01-06","1008.1"
"2331",3,"2017-01-06","1007.6"
"2332",4,"2017-01-06","1007.5"
"2333",5,"2017-01-06","1007.8"
"2334",6,"2017-01-06","1008.0"
"2335",7,"2017-01-06","1008.4"
"2336",8,"2017-01-06","1008.5"
"2337",9,"2017-01-06","1009.2"
"2338",10,"2017-01-06","1008.8"
"2339",11,"2017-01-06","1008.1"
"2340",12,"2017-01-06","1007.3"
"2341",13,"2017-01-06","1006.2"
"2342",14,"2017-01-06","1005.2"
"2343",15,"2017-01-06","1004.8"
"2344",16,"2017-01-06","1005.0"
"2345",17,"2017-01-06","1005.6"
"2346",18,"2017-01-06","1005.9"
"2347",19,"2017-01-06","1006.5"
"2348",20,"2017-01-06","1006.9"
"2349",21,"2017-01-06","1007.1"
"2350",22,"2017-01-06","1007.2"
"2351",23,"2017-01-06","1006.7"
"2352",24,"2017-01-06","1006.7"
"2353",1,"2017-01-07","1006.9"
"2354",2,"2017-01-07","X"
"2355",3,"2017-01-07","1005.6"
"2356",4,"2017-01-07","1005.5"
"2357",5,"2017-01-07","1006.1"
"2358",6,"2017-01-07","1006.5"
"2359",7,"2017-01-07","1006.3"
"2360",8,"2017-01-07","1006.7"
"2361",9,"2017-01-07","1006.8"
"2362",10,"2017-01-07","1006.7"
"2363",11,"2017-01-07","1006.2"
"2364",12,"2017-01-07","1005.1"
"2365",13,"2017-01-07","1004.2"
"2366",14,"2017-01-07","1003.2"
"2367",15,"2017-01-07","1002.8"
"2368",16,"2017-01-07","1002.7"
"2369",17,"2017-01-07","1003.5"
"2370",18,"2017-01-07","1004.0"
"2371",19,"2017-01-07","1004.4"
"2372",20,"2017-01-07","1004.6"
"2373",21,"2017-01-07","1004.7"
"2374",22,"2017-01-07","1004.8"
"2375",23,"2017-01-07","1004.8"
"2376",24,"2017-01-07","1005.1"
"2377",1,"2017-01-08","1004.8"
"2378",2,"2017-01-08","1004.4"
"2379",3,"2017-01-08","1004.0"
"2380",4,"2017-01-08","1003.8"
"2381",5,"2017-01-08","1004.0"
"2382",6,"2017-01-08","1004.4"
"2383",7,"2017-01-08","1005.0"
"2384",8,"2017-01-08","1005.3"
"2385",9,"2017-01-08","1005.9"
"2386",10,"2017-01-08","1005.9"
"2387",11,"2017-01-08","1005.4"
"2388",12,"2017-01-08","1004.1"
"2389",13,"2017-01-08","1002.7"
"2390",14,"2017-01-08","1001.9"
"2391",15,"2017-01-08","1001.6"
"2392",16,"2017-01-08","1001.9"
"2393",17,"2017-01-08","1002.4"
"2394",18,"2017-01-08","1003.3"
"2395",19,"2017-01-08","1004.4"
"2396",20,"2017-01-08","1005.0"
"2397",21,"2017-01-08","1005.4"
"2398",22,"2017-01-08","1006.0"
"2399",23,"2017-01-08","1005.9"
"2400",24,"2017-01-08","1005.1"
"2401",1,"2017-01-09","1005.3"
"2402",2,"2017-01-09","1004.9"
"2403",3,"2017-01-09","1005.1"
"2404",4,"2017-01-09","1005.2"
"2405",5,"2017-01-09","1005.7"
"2406",6,"2017-01-09","1006.5"
"2407",7,"2017-01-09","1007.0"
"2408",8,"2017-01-09","1007.7"
"2409",9,"2017-01-09","1008.7"
"2410",10,"2017-01-09","1008.6"
"2411",11,"2017-01-09","1008.0"
"2412",12,"2017-01-09","1007.0"
"2413",13,"2017-01-09","1005.7"
"2414",14,"2017-01-09","1004.8"
"2415",15,"2017-01-09","1004.3"
"2416",16,"2017-01-09","1004.9"
"2417",17,"2017-01-09","1005.8"
"2418",18,"2017-01-09","1006.5"
"2419",19,"2017-01-09","1007.4"
"2420",20,"2017-01-09","X"
"2421",21,"2017-01-09","1008.4"
"2422",22,"2017-01-09","1008.6"
"2423",23,"2017-01-09","1008.9"
"2424",24,"2017-01-09","1008.8"
"2425",1,"2017-01-10","1008.5"
"2426",2,"2017-01-10","1008.2"
"2427",3,"2017-01-10","1008.1"
"2428",4,"2017-01-10","1008.0"
"2429",5,"2017-01-10","1008.5"
"2430",6,"2017-01-10","X"
"2431",7,"2017-01-10","1009.9"
"2432",8,"2017-01-10","1010.6"
"2433",9,"2017-01-10","1011.4"
"2434",10,"2017-01-10","1011.6"
"2435",11,"2017-01-10","1010.9"
"2436",12,"2017-01-10","1009.9"
"2437",13,"2017-01-10","1008.8"
"2438",14,"2017-01-10","1007.9"
"2439",15,"2017-01-10","1007.6"
"2440",16,"2017-01-10","1007.8"
"2441",17,"2017-01-10","1008.3"
"2442",18,"2017-01-10","1008.7"
"2443",19,"2017-01-10","1009.4"
"2444",20,"2017-01-10","1010.1"
"2445",21,"2017-01-10","1010.7"
"2446",22,"2017-01-10","1010.8"
"2447",23,"2017-01-10","1010.9"
"2448",24,"2017-01-10","1010.1"
"2449",1,"2017-01-11","1010.2"
"2450",2,"2017-01-11","1009.6"
"2451",3,"2017-01-11","1009.4"
"2452",4,"2017-01-11","1009.3"
"2453",5,"2017-01-11","1009.6"
"2454",6,"2017-01-11","1010.1"
"2455",7,"2017-01-11","1010.6"
"2456",8,"2017-01-11","1010.9"
"2457",9,"2017-01-11","1011.6"
"2458",10,"2017-01-11","1011.3"
"2459",11,"2017-01-11","1010.6"
"2460",12,"2017-01-11","1008.9"
"2461",13,"2017-01-11","X"
"2462",14,"2017-01-11","1006.9"
"2463",15,"2017-01-11","1006.3"
"2464",16,"2017-01-11","1006.3"
"2465",17,"2017-01-11","1007.0"
"2466",18,"2017-01-11","1007.9"
"2467",19,"2017-01-11","1008.6"
"2468",20,"2017-01-11","1009.3"
"2469",21,"2017-01-11","1009.7"
"2470",22,"2017-01-11","1010.1"
"2471",23,"2017-01-11","1010.1"
"2472",24,"2017-01-11","1009.5"
"2473",1,"2017-01-12","1009.0"
"2474",2,"2017-01-12","1008.8"
"2475",3,"2017-01-12","1008.3"
"2476",4,"2017-01-12","1007.8"
"2477",5,"2017-01-12","1007.7"
"2478",6,"2017-01-12","1007.7"
"2479",7,"2017-01-12","1007.7"
"2480",8,"2017-01-12","1008.0"
"2481",9,"2017-01-12","1008.0"
"2482",10,"2017-01-12","1008.3"
"2483",11,"2017-01-12","1007.4"
"2484",12,"2017-01-12","1006.5"
"2485",13,"2017-01-12","1005.3"
"2486",14,"2017-01-12","1004.5"
"2487",15,"2017-01-12","1004.0"
"2488",16,"2017-01-12","1004.2"
"2489",17,"2017-01-12","1004.6"
"2490",18,"2017-01-12","1004.9"
"2491",19,"2017-01-12","1005.8"
"2492",20,"2017-01-12","1006.4"
"2493",21,"2017-01-12","1006.8"
"2494",22,"2017-01-12","1006.7"
"2495",23,"2017-01-12","1006.5"
"2496",24,"2017-01-12","1006.2"
"2497",1,"2017-01-13","1005.6"
"2498",2,"2017-01-13","1005.8"
"2499",3,"2017-01-13","1005.7"
"2500",4,"2017-01-13","1005.1"
"2501",5,"2017-01-13","1004.8"
"2502",6,"2017-01-13","1004.9"
"2503",7,"2017-01-13","1005.4"
"2504",8,"2017-01-13","1006.4"
"2505",9,"2017-01-13","1006.7"
"2506",10,"2017-01-13","1006.8"
"2507",11,"2017-01-13","1006.0"
"2508",12,"2017-01-13","1005.0"
"2509",13,"2017-01-13","1004.2"
"2510",14,"2017-01-13","1003.6"
"2511",15,"2017-01-13","1003.6"
"2512",16,"2017-01-13","1004.0"
"2513",17,"2017-01-13","1004.5"
"2514",18,"2017-01-13","1004.9"
"2515",19,"2017-01-13","1005.4"
"2516",20,"2017-01-13","1006.3"
"2517",21,"2017-01-13","1006.6"
"2518",22,"2017-01-13","1007.0"
"2519",23,"2017-01-13","1007.1"
"2520",24,"2017-01-13","1007.0"
"2521",1,"2017-01-14","1006.8"
"2522",2,"2017-01-14","1006.4"
"2523",3,"2017-01-14","1006.5"
"2524",4,"2017-01-14","1006.5"
"2525",5,"2017-01-14","1006.2"
"2526",6,"2017-01-14","1007.2"
"2527",7,"2017-01-14","1007.9"
"2528",8,"2017-01-14","1008.7"
"2529",9,"2017-01-14","1009.6"
"2530",10,"2017-01-14","1009.8"
"2531",11,"2017-01-14","1009.3"
"2532",12,"2017-01-14","1008.5"
"2533",13,"2017-01-14","1007.6"
"2534",14,"2017-01-14","1006.8"
"2535",15,"2017-01-14","1006.7"
"2536",16,"2017-01-14","1006.9"
"2537",17,"2017-01-14","1007.6"
"2538",18,"2017-01-14","1008.6"
"2539",19,"2017-01-14","1009.2"
"2540",20,"2017-01-14","1009.8"
"2541",21,"2017-01-14","1010.0"
"2542",22,"2017-01-14","1010.2"
"2543",23,"2017-01-14","1010.4"
"2544",24,"2017-01-14","1010.6"
"2545",1,"2017-01-15","1010.9"
"2546",2,"2017-01-15","1010.2"
"2547",3,"2017-01-15","1009.6"
"2548",4,"2017-01-15","1009.4"
"2549",5,"2017-01-15","1009.6"
"2550",6,"2017-01-15","1010.3"
"2551",7,"2017-01-15","1010.7"
"2552",8,"2017-01-15","1011.7"
"2553",9,"2017-01-15","1012.4"
"2554",10,"2017-01-15","1012.4"
"2555",11,"2017-01-15","1011.7"
"2556",12,"2017-01-15","1010.7"
"2557",13,"2017-01-15","1009.7"
"2558",14,"2017-01-15","1008.8"
"2559",15,"2017-01-15","1008.5"
"2560",16,"2017-01-15","1008.6"
"2561",17,"2017-01-15","X"
"2562",18,"2017-01-15","1009.4"
"2563",19,"2017-01-15","1010.3"
"2564",20,"2017-01-15","1010.9"
"2565",21,"2017-01-15","1011.2"
"2566",22,"2017-01-15","1011.3"
"2567",23,"2017-01-15","1011.5"
"2568",24,"2017-01-15","1011.6"
"2569",1,"2017-01-16","1011.4"
"2570",2,"2017-01-16","1011.0"
"2571",3,"2017-01-16","1010.6"
"2572",4,"2017-01-16","1010.5"
"2573",5,"2017-01-16","1011.0"
"2574",6,"2017-01-16","1011.3"
"2575",7,"2017-01-16","1011.5"
"2576",8,"2017-01-16","1011.8"
"2577",9,"2017-01-16","1012.3"
"2578",10,"2017-01-16","1012.3"
"2579",11,"2017-01-16","1012.0"
"2580",12,"2017-01-16","1010.9"
"2581",13,"2017-01-16","1009.9"
"2582",14,"2017-01-16","1008.8"
"2583",15,"2017-01-16","1008.5"
"2584",16,"2017-01-16","1008.3"
"2585",17,"2017-01-16","1008.8"
"2586",18,"2017-01-16","1009.6"
"2587",19,"2017-01-16","1010.7"
"2588",20,"2017-01-16","1011.5"
"2589",21,"2017-01-16","1012.2"
"2590",22,"2017-01-16","1012.4"
"2591",23,"2017-01-16","1012.4"
"2592",24,"2017-01-16","1012.3"
